#group,FALSE,FALSE,TRUE,TRUE,FALSE,FALSE,TRUE,TRUE,TRUE,TRUE,TRUE
#datatype,string,long,dateTime:RFC3339,dateTime:RFC3339,dateTime:RFC3339,double,string,string,string,string,string
#default,mean,,,,,,,,,,
,result,table,_start,_stop,_time,_value,_field,_measurement,device_id,sensor,status
,,0,2026-06-09T11:49:07.42465376Z,2026-06-09T12:49:07.42465376Z,2026-06-09T12:40:30Z,906.8315,value,boiler_sensors,BOILER_001,feedwater_flow,CRITICAL
,,0,2026-06-09T11:49:07.42465376Z,2026-06-09T12:49:07.42465376Z,2026-06-09T12:40:40Z,904.7548462,value,boiler_sensors,BOILER_001,feedwater_flow,CRITICAL
,,0,2026-06-09T11:49:07.42465376Z,2026-06-09T12:49:07.42465376Z,2026-06-09T12:44:50Z,450,value,boiler_sensors,BOILER_001,feedwater_flow,CRITICAL
,,0,2026-06-09T11:49:07.42465376Z,2026-06-09T12:49:07.42465376Z,2026-06-09T12:45:00Z,531.0805294,value,boiler_sensors,BOILER_001,feedwater_flow,CRITICAL
,,0,2026-06-09T11:49:07.42465376Z,2026-06-09T12:49:07.42465376Z,2026-06-09T12:45:10Z,905.6562105,value,boiler_sensors,BOILER_001,feedwater_flow,CRITICAL
,,0,2026-06-09T11:49:07.42465376Z,2026-06-09T12:49:07.42465376Z,2026-06-09T12:45:20Z,910.3094444,value,boiler_sensors,BOILER_001,feedwater_flow,CRITICAL
,,0,2026-06-09T11:49:07.42465376Z,2026-06-09T12:49:07.42465376Z,2026-06-09T12:45:30Z,902.4631667,value,boiler_sensors,BOILER_001,feedwater_flow,CRITICAL
,,0,2026-06-09T11:49:07.42465376Z,2026-06-09T12:49:07.42465376Z,2026-06-09T12:45:40Z,896.34225,value,boiler_sensors,BOILER_001,feedwater_flow,CRITICAL
,,0,2026-06-09T11:49:07.42465376Z,2026-06-09T12:49:07.42465376Z,2026-06-09T12:45:50Z,894.2447,value,boiler_sensors,BOILER_001,feedwater_flow,CRITICAL
,,0,2026-06-09T11:49:07.42465376Z,2026-06-09T12:49:07.42465376Z,2026-06-09T12:46:00Z,450,value,boiler_sensors,BOILER_001,feedwater_flow,CRITICAL
,,0,2026-06-09T11:49:07.42465376Z,2026-06-09T12:49:07.42465376Z,2026-06-09T12:46:10Z,691.3144,value,boiler_sensors,BOILER_001,feedwater_flow,CRITICAL
,,0,2026-06-09T11:49:07.42465376Z,2026-06-09T12:49:07.42465376Z,2026-06-09T12:46:20Z,907.072375,value,boiler_sensors,BOILER_001,feedwater_flow,CRITICAL
,,0,2026-06-09T11:49:07.42465376Z,2026-06-09T12:49:07.42465376Z,2026-06-09T12:46:40Z,901.4472,value,boiler_sensors,BOILER_001,feedwater_flow,CRITICAL
,,0,2026-06-09T11:49:07.42465376Z,2026-06-09T12:49:07.42465376Z,2026-06-09T12:46:50Z,887.3176667,value,boiler_sensors,BOILER_001,feedwater_flow,CRITICAL
,,1,2026-06-09T11:49:07.42465376Z,2026-06-09T12:49:07.42465376Z,2026-06-09T12:40:40Z,900.1721667,value,boiler_sensors,BOILER_001,feedwater_flow,NORMAL
,,1,2026-06-09T11:49:07.42465376Z,2026-06-09T12:49:07.42465376Z,2026-06-09T12:40:50Z,892.1053158,value,boiler_sensors,BOILER_001,feedwater_flow,NORMAL
,,1,2026-06-09T11:49:07.42465376Z,2026-06-09T12:49:07.42465376Z,2026-06-09T12:41:00Z,883.983,value,boiler_sensors,BOILER_001,feedwater_flow,NORMAL
,,1,2026-06-09T11:49:07.42465376Z,2026-06-09T12:49:07.42465376Z,2026-06-09T12:41:10Z,894.81125,value,boiler_sensors,BOILER_001,feedwater_flow,NORMAL
,,1,2026-06-09T11:49:07.42465376Z,2026-06-09T12:49:07.42465376Z,2026-06-09T12:41:20Z,904.4042667,value,boiler_sensors,BOILER_001,feedwater_flow,NORMAL
,,1,2026-06-09T11:49:07.42465376Z,2026-06-09T12:49:07.42465376Z,2026-06-09T12:44:00Z,902.918,value,boiler_sensors,BOILER_001,feedwater_flow,NORMAL
,,1,2026-06-09T11:49:07.42465376Z,2026-06-09T12:49:07.42465376Z,2026-06-09T12:44:10Z,897.888,value,boiler_sensors,BOILER_001,feedwater_flow,NORMAL
,,1,2026-06-09T11:49:07.42465376Z,2026-06-09T12:49:07.42465376Z,2026-06-09T12:44:20Z,907.2052105,value,boiler_sensors,BOILER_001,feedwater_flow,NORMAL
,,1,2026-06-09T11:49:07.42465376Z,2026-06-09T12:49:07.42465376Z,2026-06-09T12:44:30Z,901.723,value,boiler_sensors,BOILER_001,feedwater_flow,NORMAL
,,1,2026-06-09T11:49:07.42465376Z,2026-06-09T12:49:07.42465376Z,2026-06-09T12:44:40Z,892.518,value,boiler_sensors,BOILER_001,feedwater_flow,NORMAL
,,1,2026-06-09T11:49:07.42465376Z,2026-06-09T12:49:07.42465376Z,2026-06-09T12:44:50Z,892.7148,value,boiler_sensors,BOILER_001,feedwater_flow,NORMAL
,,1,2026-06-09T11:49:07.42465376Z,2026-06-09T12:49:07.42465376Z,2026-06-09T12:45:00Z,674.9515,value,boiler_sensors,BOILER_001,feedwater_flow,NORMAL
,,1,2026-06-09T11:49:07.42465376Z,2026-06-09T12:49:07.42465376Z,2026-06-09T12:45:20Z,913.6174545,value,boiler_sensors,BOILER_001,feedwater_flow,NORMAL
,,1,2026-06-09T11:49:07.42465376Z,2026-06-09T12:49:07.42465376Z,2026-06-09T12:45:30Z,876.875,value,boiler_sensors,BOILER_001,feedwater_flow,NORMAL
,,1,2026-06-09T11:49:07.42465376Z,2026-06-09T12:49:07.42465376Z,2026-06-09T12:45:40Z,903.10525,value,boiler_sensors,BOILER_001,feedwater_flow,NORMAL
,,1,2026-06-09T11:49:07.42465376Z,2026-06-09T12:49:07.42465376Z,2026-06-09T12:45:50Z,893.7862222,value,boiler_sensors,BOILER_001,feedwater_flow,NORMAL
,,1,2026-06-09T11:49:07.42465376Z,2026-06-09T12:49:07.42465376Z,2026-06-09T12:46:00Z,894.53925,value,boiler_sensors,BOILER_001,feedwater_flow,NORMAL
,,1,2026-06-09T11:49:07.42465376Z,2026-06-09T12:49:07.42465376Z,2026-06-09T12:46:10Z,808.5946,value,boiler_sensors,BOILER_001,feedwater_flow,NORMAL
,,1,2026-06-09T11:49:07.42465376Z,2026-06-09T12:49:07.42465376Z,2026-06-09T12:46:20Z,908.638,value,boiler_sensors,BOILER_001,feedwater_flow,NORMAL
,,1,2026-06-09T11:49:07.42465376Z,2026-06-09T12:49:07.42465376Z,2026-06-09T12:46:30Z,907.2294737,value,boiler_sensors,BOILER_001,feedwater_flow,NORMAL
,,1,2026-06-09T11:49:07.42465376Z,2026-06-09T12:49:07.42465376Z,2026-06-09T12:46:40Z,901.432,value,boiler_sensors,BOILER_001,feedwater_flow,NORMAL
,,1,2026-06-09T11:49:07.42465376Z,2026-06-09T12:49:07.42465376Z,2026-06-09T12:46:50Z,892.3715,value,boiler_sensors,BOILER_001,feedwater_flow,NORMAL
,,1,2026-06-09T11:49:07.42465376Z,2026-06-09T12:49:07.42465376Z,2026-06-09T12:47:00Z,891.7378462,value,boiler_sensors,BOILER_001,feedwater_flow,NORMAL
,,1,2026-06-09T11:49:07.42465376Z,2026-06-09T12:49:07.42465376Z,2026-06-09T12:47:20Z,904.4940625,value,boiler_sensors,BOILER_001,feedwater_flow,NORMAL
,,1,2026-06-09T11:49:07.42465376Z,2026-06-09T12:49:07.42465376Z,2026-06-09T12:47:30Z,912.1005556,value,boiler_sensors,BOILER_001,feedwater_flow,NORMAL
,,1,2026-06-09T11:49:07.42465376Z,2026-06-09T12:49:07.42465376Z,2026-06-09T12:47:40Z,904.3534211,value,boiler_sensors,BOILER_001,feedwater_flow,NORMAL
,,1,2026-06-09T11:49:07.42465376Z,2026-06-09T12:49:07.42465376Z,2026-06-09T12:47:50Z,894.1438571,value,boiler_sensors,BOILER_001,feedwater_flow,NORMAL
,,2,2026-06-09T11:49:07.42465376Z,2026-06-09T12:49:07.42465376Z,2026-06-09T12:41:00Z,891.1558125,value,boiler_sensors,BOILER_001,feedwater_flow,WARNING
,,2,2026-06-09T11:49:07.42465376Z,2026-06-09T12:49:07.42465376Z,2026-06-09T12:41:10Z,900.47525,value,boiler_sensors,BOILER_001,feedwater_flow,WARNING
,,2,2026-06-09T11:49:07.42465376Z,2026-06-09T12:49:07.42465376Z,2026-06-09T12:41:20Z,895.6233333,value,boiler_sensors,BOILER_001,feedwater_flow,WARNING
,,2,2026-06-09T11:49:07.42465376Z,2026-06-09T12:49:07.42465376Z,2026-06-09T12:41:30Z,910.9940625,value,boiler_sensors,BOILER_001,feedwater_flow,WARNING
,,2,2026-06-09T11:49:07.42465376Z,2026-06-09T12:49:07.42465376Z,2026-06-09T12:44:10Z,904.5685714,value,boiler_sensors,BOILER_001,feedwater_flow,WARNING
,,2,2026-06-09T11:49:07.42465376Z,2026-06-09T12:49:07.42465376Z,2026-06-09T12:44:30Z,895.8145,value,boiler_sensors,BOILER_001,feedwater_flow,WARNING
,,2,2026-06-09T11:49:07.42465376Z,2026-06-09T12:49:07.42465376Z,2026-06-09T12:44:40Z,889.754375,value,boiler_sensors,BOILER_001,feedwater_flow,WARNING
,,2,2026-06-09T11:49:07.42465376Z,2026-06-09T12:49:07.42465376Z,2026-06-09T12:44:50Z,890.8445714,value,boiler_sensors,BOILER_001,feedwater_flow,WARNING
,,2,2026-06-09T11:49:07.42465376Z,2026-06-09T12:49:07.42465376Z,2026-06-09T12:47:00Z,895.8376667,value,boiler_sensors,BOILER_001,feedwater_flow,WARNING
,,2,2026-06-09T11:49:07.42465376Z,2026-06-09T12:49:07.42465376Z,2026-06-09T12:47:10Z,899.5923158,value,boiler_sensors,BOILER_001,feedwater_flow,WARNING
,,2,2026-06-09T11:49:07.42465376Z,2026-06-09T12:49:07.42465376Z,2026-06-09T12:47:20Z,900.1243333,value,boiler_sensors,BOILER_001,feedwater_flow,WARNING
,,2,2026-06-09T11:49:07.42465376Z,2026-06-09T12:49:07.42465376Z,2026-06-09T12:47:30Z,908.4139,value,boiler_sensors,BOILER_001,feedwater_flow,WARNING
,,2,2026-06-09T11:49:07.42465376Z,2026-06-09T12:49:07.42465376Z,2026-06-09T12:47:50Z,896.5615833,value,boiler_sensors,BOILER_001,feedwater_flow,WARNING
,,2,2026-06-09T11:49:07.42465376Z,2026-06-09T12:49:07.42465376Z,2026-06-09T12:48:00Z,898.994,value,boiler_sensors,BOILER_001,feedwater_flow,WARNING
,,3,2026-06-09T11:49:07.42465376Z,2026-06-09T12:49:07.42465376Z,2026-06-09T12:40:30Z,19.04141667,value,boiler_sensors,BOILER_001,feedwater_pressure,CRITICAL
,,3,2026-06-09T11:49:07.42465376Z,2026-06-09T12:49:07.42465376Z,2026-06-09T12:40:40Z,19.04746154,value,boiler_sensors,BOILER_001,feedwater_pressure,CRITICAL
,,3,2026-06-09T11:49:07.42465376Z,2026-06-09T12:49:07.42465376Z,2026-06-09T12:44:50Z,18.9845,value,boiler_sensors,BOILER_001,feedwater_pressure,CRITICAL
,,3,2026-06-09T11:49:07.42465376Z,2026-06-09T12:49:07.42465376Z,2026-06-09T12:45:00Z,18.94452941,value,boiler_sensors,BOILER_001,feedwater_pressure,CRITICAL
,,3,2026-06-09T11:49:07.42465376Z,2026-06-09T12:49:07.42465376Z,2026-06-09T12:45:10Z,19.04378947,value,boiler_sensors,BOILER_001,feedwater_pressure,CRITICAL
,,3,2026-06-09T11:49:07.42465376Z,2026-06-09T12:49:07.42465376Z,2026-06-09T12:45:20Z,19.10233333,value,boiler_sensors,BOILER_001,feedwater_pressure,CRITICAL
,,3,2026-06-09T11:49:07.42465376Z,2026-06-09T12:49:07.42465376Z,2026-06-09T12:45:30Z,19.04522222,value,boiler_sensors,BOILER_001,feedwater_pressure,CRITICAL
,,3,2026-06-09T11:49:07.42465376Z,2026-06-09T12:49:07.42465376Z,2026-06-09T12:45:40Z,19.0123125,value,boiler_sensors,BOILER_001,feedwater_pressure,CRITICAL
,,3,2026-06-09T11:49:07.42465376Z,2026-06-09T12:49:07.42465376Z,2026-06-09T12:45:50Z,18.8669,value,boiler_sensors,BOILER_001,feedwater_pressure,CRITICAL
,,3,2026-06-09T11:49:07.42465376Z,2026-06-09T12:49:07.42465376Z,2026-06-09T12:46:00Z,18.97426667,value,boiler_sensors,BOILER_001,feedwater_pressure,CRITICAL
,,3,2026-06-09T11:49:07.42465376Z,2026-06-09T12:49:07.42465376Z,2026-06-09T12:46:10Z,14.9194,value,boiler_sensors,BOILER_001,feedwater_pressure,CRITICAL
,,3,2026-06-09T11:49:07.42465376Z,2026-06-09T12:49:07.42465376Z,2026-06-09T12:46:20Z,11.4,value,boiler_sensors,BOILER_001,feedwater_pressure,CRITICAL
,,3,2026-06-09T11:49:07.42465376Z,2026-06-09T12:49:07.42465376Z,2026-06-09T12:46:40Z,11.4,value,boiler_sensors,BOILER_001,feedwater_pressure,CRITICAL
,,3,2026-06-09T11:49:07.42465376Z,2026-06-09T12:49:07.42465376Z,2026-06-09T12:46:50Z,11.4,value,boiler_sensors,BOILER_001,feedwater_pressure,CRITICAL
,,4,2026-06-09T11:49:07.42465376Z,2026-06-09T12:49:07.42465376Z,2026-06-09T12:40:40Z,19.019,value,boiler_sensors,BOILER_001,feedwater_pressure,NORMAL
,,4,2026-06-09T11:49:07.42465376Z,2026-06-09T12:49:07.42465376Z,2026-06-09T12:40:50Z,18.87042105,value,boiler_sensors,BOILER_001,feedwater_pressure,NORMAL
,,4,2026-06-09T11:49:07.42465376Z,2026-06-09T12:49:07.42465376Z,2026-06-09T12:41:00Z,18.71266667,value,boiler_sensors,BOILER_001,feedwater_pressure,NORMAL
,,4,2026-06-09T11:49:07.42465376Z,2026-06-09T12:49:07.42465376Z,2026-06-09T12:41:10Z,18.85375,value,boiler_sensors,BOILER_001,feedwater_pressure,NORMAL
,,4,2026-06-09T11:49:07.42465376Z,2026-06-09T12:49:07.42465376Z,2026-06-09T12:41:20Z,19.0706,value,boiler_sensors,BOILER_001,feedwater_pressure,NORMAL
,,4,2026-06-09T11:49:07.42465376Z,2026-06-09T12:49:07.42465376Z,2026-06-09T12:44:00Z,19.095,value,boiler_sensors,BOILER_001,feedwater_pressure,NORMAL
,,4,2026-06-09T11:49:07.42465376Z,2026-06-09T12:49:07.42465376Z,2026-06-09T12:44:10Z,19.073,value,boiler_sensors,BOILER_001,feedwater_pressure,NORMAL
,,4,2026-06-09T11:49:07.42465376Z,2026-06-09T12:49:07.42465376Z,2026-06-09T12:44:20Z,19.13794737,value,boiler_sensors,BOILER_001,feedwater_pressure,NORMAL
,,4,2026-06-09T11:49:07.42465376Z,2026-06-09T12:49:07.42465376Z,2026-06-09T12:44:30Z,18.9224,value,boiler_sensors,BOILER_001,feedwater_pressure,NORMAL
,,4,2026-06-09T11:49:07.42465376Z,2026-06-09T12:49:07.42465376Z,2026-06-09T12:44:40Z,18.96025,value,boiler_sensors,BOILER_001,feedwater_pressure,NORMAL
,,4,2026-06-09T11:49:07.42465376Z,2026-06-09T12:49:07.42465376Z,2026-06-09T12:44:50Z,18.9647,value,boiler_sensors,BOILER_001,feedwater_pressure,NORMAL
,,4,2026-06-09T11:49:07.42465376Z,2026-06-09T12:49:07.42465376Z,2026-06-09T12:45:00Z,18.8745,value,boiler_sensors,BOILER_001,feedwater_pressure,NORMAL
,,4,2026-06-09T11:49:07.42465376Z,2026-06-09T12:49:07.42465376Z,2026-06-09T12:45:20Z,19.09572727,value,boiler_sensors,BOILER_001,feedwater_pressure,NORMAL
,,4,2026-06-09T11:49:07.42465376Z,2026-06-09T12:49:07.42465376Z,2026-06-09T12:45:30Z,19.076,value,boiler_sensors,BOILER_001,feedwater_pressure,NORMAL
,,4,2026-06-09T11:49:07.42465376Z,2026-06-09T12:49:07.42465376Z,2026-06-09T12:45:40Z,18.936,value,boiler_sensors,BOILER_001,feedwater_pressure,NORMAL
,,4,2026-06-09T11:49:07.42465376Z,2026-06-09T12:49:07.42465376Z,2026-06-09T12:45:50Z,18.92455556,value,boiler_sensors,BOILER_001,feedwater_pressure,NORMAL
,,4,2026-06-09T11:49:07.42465376Z,2026-06-09T12:49:07.42465376Z,2026-06-09T12:46:00Z,18.98225,value,boiler_sensors,BOILER_001,feedwater_pressure,NORMAL
,,4,2026-06-09T11:49:07.42465376Z,2026-06-09T12:49:07.42465376Z,2026-06-09T12:46:10Z,19.0498,value,boiler_sensors,BOILER_001,feedwater_pressure,NORMAL
,,4,2026-06-09T11:49:07.42465376Z,2026-06-09T12:49:07.42465376Z,2026-06-09T12:46:20Z,18.329,value,boiler_sensors,BOILER_001,feedwater_pressure,NORMAL
,,4,2026-06-09T11:49:07.42465376Z,2026-06-09T12:49:07.42465376Z,2026-06-09T12:46:30Z,19.00152632,value,boiler_sensors,BOILER_001,feedwater_pressure,NORMAL
,,4,2026-06-09T11:49:07.42465376Z,2026-06-09T12:49:07.42465376Z,2026-06-09T12:46:40Z,18.877,value,boiler_sensors,BOILER_001,feedwater_pressure,NORMAL
,,4,2026-06-09T11:49:07.42465376Z,2026-06-09T12:49:07.42465376Z,2026-06-09T12:46:50Z,18.412,value,boiler_sensors,BOILER_001,feedwater_pressure,NORMAL
,,4,2026-06-09T11:49:07.42465376Z,2026-06-09T12:49:07.42465376Z,2026-06-09T12:47:00Z,18.83723077,value,boiler_sensors,BOILER_001,feedwater_pressure,NORMAL
,,4,2026-06-09T11:49:07.42465376Z,2026-06-09T12:49:07.42465376Z,2026-06-09T12:47:20Z,19.108125,value,boiler_sensors,BOILER_001,feedwater_pressure,NORMAL
,,4,2026-06-09T11:49:07.42465376Z,2026-06-09T12:49:07.42465376Z,2026-06-09T12:47:30Z,19.06644444,value,boiler_sensors,BOILER_001,feedwater_pressure,NORMAL
,,4,2026-06-09T11:49:07.42465376Z,2026-06-09T12:49:07.42465376Z,2026-06-09T12:47:40Z,19.11447368,value,boiler_sensors,BOILER_001,feedwater_pressure,NORMAL
,,4,2026-06-09T11:49:07.42465376Z,2026-06-09T12:49:07.42465376Z,2026-06-09T12:47:50Z,18.98457143,value,boiler_sensors,BOILER_001,feedwater_pressure,NORMAL
,,5,2026-06-09T11:49:07.42465376Z,2026-06-09T12:49:07.42465376Z,2026-06-09T12:41:00Z,18.9925,value,boiler_sensors,BOILER_001,feedwater_pressure,WARNING
,,5,2026-06-09T11:49:07.42465376Z,2026-06-09T12:49:07.42465376Z,2026-06-09T12:41:10Z,19.075875,value,boiler_sensors,BOILER_001,feedwater_pressure,WARNING
,,5,2026-06-09T11:49:07.42465376Z,2026-06-09T12:49:07.42465376Z,2026-06-09T12:41:20Z,19.06033333,value,boiler_sensors,BOILER_001,feedwater_pressure,WARNING
,,5,2026-06-09T11:49:07.42465376Z,2026-06-09T12:49:07.42465376Z,2026-06-09T12:41:30Z,19.1831875,value,boiler_sensors,BOILER_001,feedwater_pressure,WARNING
,,5,2026-06-09T11:49:07.42465376Z,2026-06-09T12:49:07.42465376Z,2026-06-09T12:44:10Z,19.098,value,boiler_sensors,BOILER_001,feedwater_pressure,WARNING
,,5,2026-06-09T11:49:07.42465376Z,2026-06-09T12:49:07.42465376Z,2026-06-09T12:44:30Z,18.826,value,boiler_sensors,BOILER_001,feedwater_pressure,WARNING
,,5,2026-06-09T11:49:07.42465376Z,2026-06-09T12:49:07.42465376Z,2026-06-09T12:44:40Z,18.9044375,value,boiler_sensors,BOILER_001,feedwater_pressure,WARNING
,,5,2026-06-09T11:49:07.42465376Z,2026-06-09T12:49:07.42465376Z,2026-06-09T12:44:50Z,18.78128571,value,boiler_sensors,BOILER_001,feedwater_pressure,WARNING
,,5,2026-06-09T11:49:07.42465376Z,2026-06-09T12:49:07.42465376Z,2026-06-09T12:47:00Z,18.91283333,value,boiler_sensors,BOILER_001,feedwater_pressure,WARNING
,,5,2026-06-09T11:49:07.42465376Z,2026-06-09T12:49:07.42465376Z,2026-06-09T12:47:10Z,18.94321053,value,boiler_sensors,BOILER_001,feedwater_pressure,WARNING
,,5,2026-06-09T11:49:07.42465376Z,2026-06-09T12:49:07.42465376Z,2026-06-09T12:47:20Z,19.05133333,value,boiler_sensors,BOILER_001,feedwater_pressure,WARNING
,,5,2026-06-09T11:49:07.42465376Z,2026-06-09T12:49:07.42465376Z,2026-06-09T12:47:30Z,19.1702,value,boiler_sensors,BOILER_001,feedwater_pressure,WARNING
,,5,2026-06-09T11:49:07.42465376Z,2026-06-09T12:49:07.42465376Z,2026-06-09T12:47:50Z,18.93333333,value,boiler_sensors,BOILER_001,feedwater_pressure,WARNING
,,5,2026-06-09T11:49:07.42465376Z,2026-06-09T12:49:07.42465376Z,2026-06-09T12:48:00Z,18.943,value,boiler_sensors,BOILER_001,feedwater_pressure,WARNING
,,6,2026-06-09T11:49:07.42465376Z,2026-06-09T12:49:07.42465376Z,2026-06-09T12:40:30Z,278.0773333,value,boiler_sensors,BOILER_001,feedwater_temp,CRITICAL
,,6,2026-06-09T11:49:07.42465376Z,2026-06-09T12:49:07.42465376Z,2026-06-09T12:40:40Z,278.3497692,value,boiler_sensors,BOILER_001,feedwater_temp,CRITICAL
,,6,2026-06-09T11:49:07.42465376Z,2026-06-09T12:49:07.42465376Z,2026-06-09T12:44:50Z,278.378,value,boiler_sensors,BOILER_001,feedwater_temp,CRITICAL
,,6,2026-06-09T11:49:07.42465376Z,2026-06-09T12:49:07.42465376Z,2026-06-09T12:45:00Z,278.3134706,value,boiler_sensors,BOILER_001,feedwater_temp,CRITICAL
,,6,2026-06-09T11:49:07.42465376Z,2026-06-09T12:49:07.42465376Z,2026-06-09T12:45:10Z,278.0832632,value,boiler_sensors,BOILER_001,feedwater_temp,CRITICAL
,,6,2026-06-09T11:49:07.42465376Z,2026-06-09T12:49:07.42465376Z,2026-06-09T12:45:20Z,279.6654444,value,boiler_sensors,BOILER_001,feedwater_temp,CRITICAL
,,6,2026-06-09T11:49:07.42465376Z,2026-06-09T12:49:07.42465376Z,2026-06-09T12:45:30Z,278.4579444,value,boiler_sensors,BOILER_001,feedwater_temp,CRITICAL
,,6,2026-06-09T11:49:07.42465376Z,2026-06-09T12:49:07.42465376Z,2026-06-09T12:45:40Z,277.38725,value,boiler_sensors,BOILER_001,feedwater_temp,CRITICAL
,,6,2026-06-09T11:49:07.42465376Z,2026-06-09T12:49:07.42465376Z,2026-06-09T12:45:50Z,275.8191,value,boiler_sensors,BOILER_001,feedwater_temp,CRITICAL
,,6,2026-06-09T11:49:07.42465376Z,2026-06-09T12:49:07.42465376Z,2026-06-09T12:46:00Z,278.13,value,boiler_sensors,BOILER_001,feedwater_temp,CRITICAL
,,6,2026-06-09T11:49:07.42465376Z,2026-06-09T12:49:07.42465376Z,2026-06-09T12:46:10Z,277.6000667,value,boiler_sensors,BOILER_001,feedwater_temp,CRITICAL
,,6,2026-06-09T11:49:07.42465376Z,2026-06-09T12:49:07.42465376Z,2026-06-09T12:46:20Z,277.128125,value,boiler_sensors,BOILER_001,feedwater_temp,CRITICAL
,,6,2026-06-09T11:49:07.42465376Z,2026-06-09T12:49:07.42465376Z,2026-06-09T12:46:40Z,278.1107333,value,boiler_sensors,BOILER_001,feedwater_temp,CRITICAL
,,6,2026-06-09T11:49:07.42465376Z,2026-06-09T12:49:07.42465376Z,2026-06-09T12:46:50Z,276.7968333,value,boiler_sensors,BOILER_001,feedwater_temp,CRITICAL
,,7,2026-06-09T11:49:07.42465376Z,2026-06-09T12:49:07.42465376Z,2026-06-09T12:40:40Z,278.7423333,value,boiler_sensors,BOILER_001,feedwater_temp,NORMAL
,,7,2026-06-09T11:49:07.42465376Z,2026-06-09T12:49:07.42465376Z,2026-06-09T12:40:50Z,277.4734737,value,boiler_sensors,BOILER_001,feedwater_temp,NORMAL
,,7,2026-06-09T11:49:07.42465376Z,2026-06-09T12:49:07.42465376Z,2026-06-09T12:41:00Z,279.1626667,value,boiler_sensors,BOILER_001,feedwater_temp,NORMAL
,,7,2026-06-09T11:49:07.42465376Z,2026-06-09T12:49:07.42465376Z,2026-06-09T12:41:10Z,278.23575,value,boiler_sensors,BOILER_001,feedwater_temp,NORMAL
,,7,2026-06-09T11:49:07.42465376Z,2026-06-09T12:49:07.42465376Z,2026-06-09T12:41:20Z,280.2302,value,boiler_sensors,BOILER_001,feedwater_temp,NORMAL
,,7,2026-06-09T11:49:07.42465376Z,2026-06-09T12:49:07.42465376Z,2026-06-09T12:44:00Z,276.467,value,boiler_sensors,BOILER_001,feedwater_temp,NORMAL
,,7,2026-06-09T11:49:07.42465376Z,2026-06-09T12:49:07.42465376Z,2026-06-09T12:44:10Z,278.6606,value,boiler_sensors,BOILER_001,feedwater_temp,NORMAL
,,7,2026-06-09T11:49:07.42465376Z,2026-06-09T12:49:07.42465376Z,2026-06-09T12:44:20Z,279.1594737,value,boiler_sensors,BOILER_001,feedwater_temp,NORMAL
,,7,2026-06-09T11:49:07.42465376Z,2026-06-09T12:49:07.42465376Z,2026-06-09T12:44:30Z,277.1312,value,boiler_sensors,BOILER_001,feedwater_temp,NORMAL
,,7,2026-06-09T11:49:07.42465376Z,2026-06-09T12:49:07.42465376Z,2026-06-09T12:44:40Z,277.078,value,boiler_sensors,BOILER_001,feedwater_temp,NORMAL
,,7,2026-06-09T11:49:07.42465376Z,2026-06-09T12:49:07.42465376Z,2026-06-09T12:44:50Z,278.1353,value,boiler_sensors,BOILER_001,feedwater_temp,NORMAL
,,7,2026-06-09T11:49:07.42465376Z,2026-06-09T12:49:07.42465376Z,2026-06-09T12:45:00Z,278.237,value,boiler_sensors,BOILER_001,feedwater_temp,NORMAL
,,7,2026-06-09T11:49:07.42465376Z,2026-06-09T12:49:07.42465376Z,2026-06-09T12:45:20Z,278.8915455,value,boiler_sensors,BOILER_001,feedwater_temp,NORMAL
,,7,2026-06-09T11:49:07.42465376Z,2026-06-09T12:49:07.42465376Z,2026-06-09T12:45:30Z,277.091,value,boiler_sensors,BOILER_001,feedwater_temp,NORMAL
,,7,2026-06-09T11:49:07.42465376Z,2026-06-09T12:49:07.42465376Z,2026-06-09T12:45:40Z,277.8185,value,boiler_sensors,BOILER_001,feedwater_temp,NORMAL
,,7,2026-06-09T11:49:07.42465376Z,2026-06-09T12:49:07.42465376Z,2026-06-09T12:45:50Z,276.8042222,value,boiler_sensors,BOILER_001,feedwater_temp,NORMAL
,,7,2026-06-09T11:49:07.42465376Z,2026-06-09T12:49:07.42465376Z,2026-06-09T12:46:00Z,277.941,value,boiler_sensors,BOILER_001,feedwater_temp,NORMAL
,,7,2026-06-09T11:49:07.42465376Z,2026-06-09T12:49:07.42465376Z,2026-06-09T12:46:10Z,278.792,value,boiler_sensors,BOILER_001,feedwater_temp,NORMAL
,,7,2026-06-09T11:49:07.42465376Z,2026-06-09T12:49:07.42465376Z,2026-06-09T12:46:20Z,279.2504545,value,boiler_sensors,BOILER_001,feedwater_temp,NORMAL
,,7,2026-06-09T11:49:07.42465376Z,2026-06-09T12:49:07.42465376Z,2026-06-09T12:46:30Z,279.3303684,value,boiler_sensors,BOILER_001,feedwater_temp,NORMAL
,,7,2026-06-09T11:49:07.42465376Z,2026-06-09T12:49:07.42465376Z,2026-06-09T12:46:40Z,278.7196667,value,boiler_sensors,BOILER_001,feedwater_temp,NORMAL
,,7,2026-06-09T11:49:07.42465376Z,2026-06-09T12:49:07.42465376Z,2026-06-09T12:46:50Z,278.0754286,value,boiler_sensors,BOILER_001,feedwater_temp,NORMAL
,,7,2026-06-09T11:49:07.42465376Z,2026-06-09T12:49:07.42465376Z,2026-06-09T12:47:00Z,276.0023077,value,boiler_sensors,BOILER_001,feedwater_temp,NORMAL
,,7,2026-06-09T11:49:07.42465376Z,2026-06-09T12:49:07.42465376Z,2026-06-09T12:47:20Z,278.389875,value,boiler_sensors,BOILER_001,feedwater_temp,NORMAL
,,7,2026-06-09T11:49:07.42465376Z,2026-06-09T12:49:07.42465376Z,2026-06-09T12:47:30Z,278.0534444,value,boiler_sensors,BOILER_001,feedwater_temp,NORMAL
,,7,2026-06-09T11:49:07.42465376Z,2026-06-09T12:49:07.42465376Z,2026-06-09T12:47:40Z,278.4057895,value,boiler_sensors,BOILER_001,feedwater_temp,NORMAL
,,7,2026-06-09T11:49:07.42465376Z,2026-06-09T12:49:07.42465376Z,2026-06-09T12:47:50Z,275.21,value,boiler_sensors,BOILER_001,feedwater_temp,NORMAL
,,8,2026-06-09T11:49:07.42465376Z,2026-06-09T12:49:07.42465376Z,2026-06-09T12:41:00Z,277.658125,value,boiler_sensors,BOILER_001,feedwater_temp,WARNING
,,8,2026-06-09T11:49:07.42465376Z,2026-06-09T12:49:07.42465376Z,2026-06-09T12:41:10Z,275.163125,value,boiler_sensors,BOILER_001,feedwater_temp,WARNING
,,8,2026-06-09T11:49:07.42465376Z,2026-06-09T12:49:07.42465376Z,2026-06-09T12:41:20Z,278.141,value,boiler_sensors,BOILER_001,feedwater_temp,WARNING
,,8,2026-06-09T11:49:07.42465376Z,2026-06-09T12:49:07.42465376Z,2026-06-09T12:41:30Z,279.0036875,value,boiler_sensors,BOILER_001,feedwater_temp,WARNING
,,8,2026-06-09T11:49:07.42465376Z,2026-06-09T12:49:07.42465376Z,2026-06-09T12:44:10Z,277.7947143,value,boiler_sensors,BOILER_001,feedwater_temp,WARNING
,,8,2026-06-09T11:49:07.42465376Z,2026-06-09T12:49:07.42465376Z,2026-06-09T12:44:30Z,279.60975,value,boiler_sensors,BOILER_001,feedwater_temp,WARNING
,,8,2026-06-09T11:49:07.42465376Z,2026-06-09T12:49:07.42465376Z,2026-06-09T12:44:40Z,277.3955,value,boiler_sensors,BOILER_001,feedwater_temp,WARNING
,,8,2026-06-09T11:49:07.42465376Z,2026-06-09T12:49:07.42465376Z,2026-06-09T12:44:50Z,276.1284286,value,boiler_sensors,BOILER_001,feedwater_temp,WARNING
,,8,2026-06-09T11:49:07.42465376Z,2026-06-09T12:49:07.42465376Z,2026-06-09T12:47:00Z,276.3788333,value,boiler_sensors,BOILER_001,feedwater_temp,WARNING
,,8,2026-06-09T11:49:07.42465376Z,2026-06-09T12:49:07.42465376Z,2026-06-09T12:47:10Z,278.2646316,value,boiler_sensors,BOILER_001,feedwater_temp,WARNING
,,8,2026-06-09T11:49:07.42465376Z,2026-06-09T12:49:07.42465376Z,2026-06-09T12:47:20Z,276.1393333,value,boiler_sensors,BOILER_001,feedwater_temp,WARNING
,,8,2026-06-09T11:49:07.42465376Z,2026-06-09T12:49:07.42465376Z,2026-06-09T12:47:30Z,279.6701,value,boiler_sensors,BOILER_001,feedwater_temp,WARNING
,,8,2026-06-09T11:49:07.42465376Z,2026-06-09T12:49:07.42465376Z,2026-06-09T12:47:50Z,278.207,value,boiler_sensors,BOILER_001,feedwater_temp,WARNING
,,8,2026-06-09T11:49:07.42465376Z,2026-06-09T12:49:07.42465376Z,2026-06-09T12:48:00Z,277.7835,value,boiler_sensors,BOILER_001,feedwater_temp,WARNING
,,9,2026-06-09T11:49:07.42465376Z,2026-06-09T12:49:07.42465376Z,2026-06-09T12:40:30Z,130.14775,value,boiler_sensors,BOILER_001,flue_gas_temp,CRITICAL
,,9,2026-06-09T11:49:07.42465376Z,2026-06-09T12:49:07.42465376Z,2026-06-09T12:40:40Z,129.9718462,value,boiler_sensors,BOILER_001,flue_gas_temp,CRITICAL
,,9,2026-06-09T11:49:07.42465376Z,2026-06-09T12:49:07.42465376Z,2026-06-09T12:44:50Z,129.0985,value,boiler_sensors,BOILER_001,flue_gas_temp,CRITICAL
,,9,2026-06-09T11:49:07.42465376Z,2026-06-09T12:49:07.42465376Z,2026-06-09T12:45:00Z,129.4669412,value,boiler_sensors,BOILER_001,flue_gas_temp,CRITICAL
,,9,2026-06-09T11:49:07.42465376Z,2026-06-09T12:49:07.42465376Z,2026-06-09T12:45:10Z,129.9551053,value,boiler_sensors,BOILER_001,flue_gas_temp,CRITICAL
,,9,2026-06-09T11:49:07.42465376Z,2026-06-09T12:49:07.42465376Z,2026-06-09T12:45:20Z,130.4531111,value,boiler_sensors,BOILER_001,flue_gas_temp,CRITICAL
,,9,2026-06-09T11:49:07.42465376Z,2026-06-09T12:49:07.42465376Z,2026-06-09T12:45:30Z,130.4257778,value,boiler_sensors,BOILER_001,flue_gas_temp,CRITICAL
,,9,2026-06-09T11:49:07.42465376Z,2026-06-09T12:49:07.42465376Z,2026-06-09T12:45:40Z,130.1356875,value,boiler_sensors,BOILER_001,flue_gas_temp,CRITICAL
,,9,2026-06-09T11:49:07.42465376Z,2026-06-09T12:49:07.42465376Z,2026-06-09T12:45:50Z,129.3403,value,boiler_sensors,BOILER_001,flue_gas_temp,CRITICAL
,,9,2026-06-09T11:49:07.42465376Z,2026-06-09T12:49:07.42465376Z,2026-06-09T12:46:00Z,129.6504667,value,boiler_sensors,BOILER_001,flue_gas_temp,CRITICAL
,,9,2026-06-09T11:49:07.42465376Z,2026-06-09T12:49:07.42465376Z,2026-06-09T12:46:10Z,129.6095333,value,boiler_sensors,BOILER_001,flue_gas_temp,CRITICAL
,,9,2026-06-09T11:49:07.42465376Z,2026-06-09T12:49:07.42465376Z,2026-06-09T12:46:20Z,130.418875,value,boiler_sensors,BOILER_001,flue_gas_temp,CRITICAL
,,9,2026-06-09T11:49:07.42465376Z,2026-06-09T12:49:07.42465376Z,2026-06-09T12:46:40Z,130.3356,value,boiler_sensors,BOILER_001,flue_gas_temp,CRITICAL
,,9,2026-06-09T11:49:07.42465376Z,2026-06-09T12:49:07.42465376Z,2026-06-09T12:46:50Z,129.2188333,value,boiler_sensors,BOILER_001,flue_gas_temp,CRITICAL
,,10,2026-06-09T11:49:07.42465376Z,2026-06-09T12:49:07.42465376Z,2026-06-09T12:40:40Z,129.9568333,value,boiler_sensors,BOILER_001,flue_gas_temp,NORMAL
,,10,2026-06-09T11:49:07.42465376Z,2026-06-09T12:49:07.42465376Z,2026-06-09T12:40:50Z,129.2213158,value,boiler_sensors,BOILER_001,flue_gas_temp,NORMAL
,,10,2026-06-09T11:49:07.42465376Z,2026-06-09T12:49:07.42465376Z,2026-06-09T12:41:00Z,129.2983333,value,boiler_sensors,BOILER_001,flue_gas_temp,NORMAL
,,10,2026-06-09T11:49:07.42465376Z,2026-06-09T12:49:07.42465376Z,2026-06-09T12:41:10Z,129.7669167,value,boiler_sensors,BOILER_001,flue_gas_temp,NORMAL
,,10,2026-06-09T11:49:07.42465376Z,2026-06-09T12:49:07.42465376Z,2026-06-09T12:41:20Z,130.7424667,value,boiler_sensors,BOILER_001,flue_gas_temp,NORMAL
,,10,2026-06-09T11:49:07.42465376Z,2026-06-09T12:49:07.42465376Z,2026-06-09T12:44:00Z,131.476,value,boiler_sensors,BOILER_001,flue_gas_temp,NORMAL
,,10,2026-06-09T11:49:07.42465376Z,2026-06-09T12:49:07.42465376Z,2026-06-09T12:44:10Z,130.3122,value,boiler_sensors,BOILER_001,flue_gas_temp,NORMAL
,,10,2026-06-09T11:49:07.42465376Z,2026-06-09T12:49:07.42465376Z,2026-06-09T12:44:20Z,130.7844211,value,boiler_sensors,BOILER_001,flue_gas_temp,NORMAL
,,10,2026-06-09T11:49:07.42465376Z,2026-06-09T12:49:07.42465376Z,2026-06-09T12:44:30Z,130.5892,value,boiler_sensors,BOILER_001,flue_gas_temp,NORMAL
,,10,2026-06-09T11:49:07.42465376Z,2026-06-09T12:49:07.42465376Z,2026-06-09T12:44:40Z,140.228,value,boiler_sensors,BOILER_001,flue_gas_temp,NORMAL
,,10,2026-06-09T11:49:07.42465376Z,2026-06-09T12:49:07.42465376Z,2026-06-09T12:44:50Z,128.7679,value,boiler_sensors,BOILER_001,flue_gas_temp,NORMAL
,,10,2026-06-09T11:49:07.42465376Z,2026-06-09T12:49:07.42465376Z,2026-06-09T12:45:00Z,131.236,value,boiler_sensors,BOILER_001,flue_gas_temp,NORMAL
,,10,2026-06-09T11:49:07.42465376Z,2026-06-09T12:49:07.42465376Z,2026-06-09T12:45:20Z,130.8616364,value,boiler_sensors,BOILER_001,flue_gas_temp,NORMAL
,,10,2026-06-09T11:49:07.42465376Z,2026-06-09T12:49:07.42465376Z,2026-06-09T12:45:30Z,129.66,value,boiler_sensors,BOILER_001,flue_gas_temp,NORMAL
,,10,2026-06-09T11:49:07.42465376Z,2026-06-09T12:49:07.42465376Z,2026-06-09T12:45:40Z,129.31925,value,boiler_sensors,BOILER_001,flue_gas_temp,NORMAL
,,10,2026-06-09T11:49:07.42465376Z,2026-06-09T12:49:07.42465376Z,2026-06-09T12:45:50Z,129.7796667,value,boiler_sensors,BOILER_001,flue_gas_temp,NORMAL
,,10,2026-06-09T11:49:07.42465376Z,2026-06-09T12:49:07.42465376Z,2026-06-09T12:46:00Z,128.38925,value,boiler_sensors,BOILER_001,flue_gas_temp,NORMAL
,,10,2026-06-09T11:49:07.42465376Z,2026-06-09T12:49:07.42465376Z,2026-06-09T12:46:10Z,129.5332,value,boiler_sensors,BOILER_001,flue_gas_temp,NORMAL
,,10,2026-06-09T11:49:07.42465376Z,2026-06-09T12:49:07.42465376Z,2026-06-09T12:46:20Z,130.6633636,value,boiler_sensors,BOILER_001,flue_gas_temp,NORMAL
,,10,2026-06-09T11:49:07.42465376Z,2026-06-09T12:49:07.42465376Z,2026-06-09T12:46:30Z,130.2632632,value,boiler_sensors,BOILER_001,flue_gas_temp,NORMAL
,,10,2026-06-09T11:49:07.42465376Z,2026-06-09T12:49:07.42465376Z,2026-06-09T12:46:40Z,130.567,value,boiler_sensors,BOILER_001,flue_gas_temp,NORMAL
,,10,2026-06-09T11:49:07.42465376Z,2026-06-09T12:49:07.42465376Z,2026-06-09T12:46:50Z,129.0867857,value,boiler_sensors,BOILER_001,flue_gas_temp,NORMAL
,,10,2026-06-09T11:49:07.42465376Z,2026-06-09T12:49:07.42465376Z,2026-06-09T12:47:00Z,129.4070769,value,boiler_sensors,BOILER_001,flue_gas_temp,NORMAL
,,10,2026-06-09T11:49:07.42465376Z,2026-06-09T12:49:07.42465376Z,2026-06-09T12:47:20Z,130.5546875,value,boiler_sensors,BOILER_001,flue_gas_temp,NORMAL
,,10,2026-06-09T11:49:07.42465376Z,2026-06-09T12:49:07.42465376Z,2026-06-09T12:47:30Z,131.2305556,value,boiler_sensors,BOILER_001,flue_gas_temp,NORMAL
,,10,2026-06-09T11:49:07.42465376Z,2026-06-09T12:49:07.42465376Z,2026-06-09T12:47:40Z,130.7186842,value,boiler_sensors,BOILER_001,flue_gas_temp,NORMAL
,,10,2026-06-09T11:49:07.42465376Z,2026-06-09T12:49:07.42465376Z,2026-06-09T12:47:50Z,130.5415714,value,boiler_sensors,BOILER_001,flue_gas_temp,NORMAL
,,11,2026-06-09T11:49:07.42465376Z,2026-06-09T12:49:07.42465376Z,2026-06-09T12:41:00Z,129.410625,value,boiler_sensors,BOILER_001,flue_gas_temp,WARNING
,,11,2026-06-09T11:49:07.42465376Z,2026-06-09T12:49:07.42465376Z,2026-06-09T12:41:10Z,128.911125,value,boiler_sensors,BOILER_001,flue_gas_temp,WARNING
,,11,2026-06-09T11:49:07.42465376Z,2026-06-09T12:49:07.42465376Z,2026-06-09T12:41:20Z,175.5,value,boiler_sensors,BOILER_001,flue_gas_temp,WARNING
,,11,2026-06-09T11:49:07.42465376Z,2026-06-09T12:49:07.42465376Z,2026-06-09T12:41:30Z,175.5,value,boiler_sensors,BOILER_001,flue_gas_temp,WARNING
,,11,2026-06-09T11:49:07.42465376Z,2026-06-09T12:49:07.42465376Z,2026-06-09T12:44:10Z,131.2561429,value,boiler_sensors,BOILER_001,flue_gas_temp,WARNING
,,11,2026-06-09T11:49:07.42465376Z,2026-06-09T12:49:07.42465376Z,2026-06-09T12:44:30Z,175.5,value,boiler_sensors,BOILER_001,flue_gas_temp,WARNING
,,11,2026-06-09T11:49:07.42465376Z,2026-06-09T12:49:07.42465376Z,2026-06-09T12:44:40Z,155.134375,value,boiler_sensors,BOILER_001,flue_gas_temp,WARNING
,,11,2026-06-09T11:49:07.42465376Z,2026-06-09T12:49:07.42465376Z,2026-06-09T12:44:50Z,128.9977143,value,boiler_sensors,BOILER_001,flue_gas_temp,WARNING
,,11,2026-06-09T11:49:07.42465376Z,2026-06-09T12:49:07.42465376Z,2026-06-09T12:47:00Z,129.2853333,value,boiler_sensors,BOILER_001,flue_gas_temp,WARNING
,,11,2026-06-09T11:49:07.42465376Z,2026-06-09T12:49:07.42465376Z,2026-06-09T12:47:10Z,130.0826316,value,boiler_sensors,BOILER_001,flue_gas_temp,WARNING
,,11,2026-06-09T11:49:07.42465376Z,2026-06-09T12:49:07.42465376Z,2026-06-09T12:47:20Z,129.7663333,value,boiler_sensors,BOILER_001,flue_gas_temp,WARNING
,,11,2026-06-09T11:49:07.42465376Z,2026-06-09T12:49:07.42465376Z,2026-06-09T12:47:30Z,130.6323,value,boiler_sensors,BOILER_001,flue_gas_temp,WARNING
,,11,2026-06-09T11:49:07.42465376Z,2026-06-09T12:49:07.42465376Z,2026-06-09T12:47:50Z,129.2653333,value,boiler_sensors,BOILER_001,flue_gas_temp,WARNING
,,11,2026-06-09T11:49:07.42465376Z,2026-06-09T12:49:07.42465376Z,2026-06-09T12:48:00Z,129.105,value,boiler_sensors,BOILER_001,flue_gas_temp,WARNING
,,12,2026-06-09T11:49:07.42465376Z,2026-06-09T12:49:07.42465376Z,2026-06-09T12:40:30Z,906.68775,value,boiler_sensors,BOILER_001,main_steam_flow,CRITICAL
,,12,2026-06-09T11:49:07.42465376Z,2026-06-09T12:49:07.42465376Z,2026-06-09T12:40:40Z,900.7176923,value,boiler_sensors,BOILER_001,main_steam_flow,CRITICAL
,,12,2026-06-09T11:49:07.42465376Z,2026-06-09T12:49:07.42465376Z,2026-06-09T12:44:50Z,899.298,value,boiler_sensors,BOILER_001,main_steam_flow,CRITICAL
,,12,2026-06-09T11:49:07.42465376Z,2026-06-09T12:49:07.42465376Z,2026-06-09T12:45:00Z,894.3054706,value,boiler_sensors,BOILER_001,main_steam_flow,CRITICAL
,,12,2026-06-09T11:49:07.42465376Z,2026-06-09T12:49:07.42465376Z,2026-06-09T12:45:10Z,904.317,value,boiler_sensors,BOILER_001,main_steam_flow,CRITICAL
,,12,2026-06-09T11:49:07.42465376Z,2026-06-09T12:49:07.42465376Z,2026-06-09T12:45:20Z,905.0754444,value,boiler_sensors,BOILER_001,main_steam_flow,CRITICAL
,,12,2026-06-09T11:49:07.42465376Z,2026-06-09T12:49:07.42465376Z,2026-06-09T12:45:30Z,904.6750556,value,boiler_sensors,BOILER_001,main_steam_flow,CRITICAL
,,12,2026-06-09T11:49:07.42465376Z,2026-06-09T12:49:07.42465376Z,2026-06-09T12:45:40Z,896.7755625,value,boiler_sensors,BOILER_001,main_steam_flow,CRITICAL
,,12,2026-06-09T11:49:07.42465376Z,2026-06-09T12:49:07.42465376Z,2026-06-09T12:45:50Z,890.8203,value,boiler_sensors,BOILER_001,main_steam_flow,CRITICAL
,,12,2026-06-09T11:49:07.42465376Z,2026-06-09T12:49:07.42465376Z,2026-06-09T12:46:00Z,889.2569333,value,boiler_sensors,BOILER_001,main_steam_flow,CRITICAL
,,12,2026-06-09T11:49:07.42465376Z,2026-06-09T12:49:07.42465376Z,2026-06-09T12:46:10Z,902.1518667,value,boiler_sensors,BOILER_001,main_steam_flow,CRITICAL
,,12,2026-06-09T11:49:07.42465376Z,2026-06-09T12:49:07.42465376Z,2026-06-09T12:46:20Z,901.60375,value,boiler_sensors,BOILER_001,main_steam_flow,CRITICAL
,,12,2026-06-09T11:49:07.42465376Z,2026-06-09T12:49:07.42465376Z,2026-06-09T12:46:40Z,901.8791333,value,boiler_sensors,BOILER_001,main_steam_flow,CRITICAL
,,12,2026-06-09T11:49:07.42465376Z,2026-06-09T12:49:07.42465376Z,2026-06-09T12:46:50Z,900.209,value,boiler_sensors,BOILER_001,main_steam_flow,CRITICAL
,,13,2026-06-09T11:49:07.42465376Z,2026-06-09T12:49:07.42465376Z,2026-06-09T12:40:40Z,894.9086667,value,boiler_sensors,BOILER_001,main_steam_flow,NORMAL
,,13,2026-06-09T11:49:07.42465376Z,2026-06-09T12:49:07.42465376Z,2026-06-09T12:40:50Z,889.1358947,value,boiler_sensors,BOILER_001,main_steam_flow,NORMAL
,,13,2026-06-09T11:49:07.42465376Z,2026-06-09T12:49:07.42465376Z,2026-06-09T12:41:00Z,895.3656667,value,boiler_sensors,BOILER_001,main_steam_flow,NORMAL
,,13,2026-06-09T11:49:07.42465376Z,2026-06-09T12:49:07.42465376Z,2026-06-09T12:41:10Z,901.5925833,value,boiler_sensors,BOILER_001,main_steam_flow,NORMAL
,,13,2026-06-09T11:49:07.42465376Z,2026-06-09T12:49:07.42465376Z,2026-06-09T12:41:20Z,904.0684,value,boiler_sensors,BOILER_001,main_steam_flow,NORMAL
,,13,2026-06-09T11:49:07.42465376Z,2026-06-09T12:49:07.42465376Z,2026-06-09T12:44:00Z,909.237,value,boiler_sensors,BOILER_001,main_steam_flow,NORMAL
,,13,2026-06-09T11:49:07.42465376Z,2026-06-09T12:49:07.42465376Z,2026-06-09T12:44:10Z,901.224,value,boiler_sensors,BOILER_001,main_steam_flow,NORMAL
,,13,2026-06-09T11:49:07.42465376Z,2026-06-09T12:49:07.42465376Z,2026-06-09T12:44:20Z,906.4373158,value,boiler_sensors,BOILER_001,main_steam_flow,NORMAL
,,13,2026-06-09T11:49:07.42465376Z,2026-06-09T12:49:07.42465376Z,2026-06-09T12:44:30Z,897.8951333,value,boiler_sensors,BOILER_001,main_steam_flow,NORMAL
,,13,2026-06-09T11:49:07.42465376Z,2026-06-09T12:49:07.42465376Z,2026-06-09T12:44:40Z,897.82525,value,boiler_sensors,BOILER_001,main_steam_flow,NORMAL
,,13,2026-06-09T11:49:07.42465376Z,2026-06-09T12:49:07.42465376Z,2026-06-09T12:44:50Z,888.4159,value,boiler_sensors,BOILER_001,main_steam_flow,NORMAL
,,13,2026-06-09T11:49:07.42465376Z,2026-06-09T12:49:07.42465376Z,2026-06-09T12:45:00Z,900.577,value,boiler_sensors,BOILER_001,main_steam_flow,NORMAL
,,13,2026-06-09T11:49:07.42465376Z,2026-06-09T12:49:07.42465376Z,2026-06-09T12:45:20Z,909.8573636,value,boiler_sensors,BOILER_001,main_steam_flow,NORMAL
,,13,2026-06-09T11:49:07.42465376Z,2026-06-09T12:49:07.42465376Z,2026-06-09T12:45:30Z,899.109,value,boiler_sensors,BOILER_001,main_steam_flow,NORMAL
,,13,2026-06-09T11:49:07.42465376Z,2026-06-09T12:49:07.42465376Z,2026-06-09T12:45:40Z,902.533,value,boiler_sensors,BOILER_001,main_steam_flow,NORMAL
,,13,2026-06-09T11:49:07.42465376Z,2026-06-09T12:49:07.42465376Z,2026-06-09T12:45:50Z,889.1822222,value,boiler_sensors,BOILER_001,main_steam_flow,NORMAL
,,13,2026-06-09T11:49:07.42465376Z,2026-06-09T12:49:07.42465376Z,2026-06-09T12:46:00Z,897.29375,value,boiler_sensors,BOILER_001,main_steam_flow,NORMAL
,,13,2026-06-09T11:49:07.42465376Z,2026-06-09T12:49:07.42465376Z,2026-06-09T12:46:10Z,901.3888,value,boiler_sensors,BOILER_001,main_steam_flow,NORMAL
,,13,2026-06-09T11:49:07.42465376Z,2026-06-09T12:49:07.42465376Z,2026-06-09T12:46:20Z,910.7933636,value,boiler_sensors,BOILER_001,main_steam_flow,NORMAL
,,13,2026-06-09T11:49:07.42465376Z,2026-06-09T12:49:07.42465376Z,2026-06-09T12:46:30Z,904.7582632,value,boiler_sensors,BOILER_001,main_steam_flow,NORMAL
,,13,2026-06-09T11:49:07.42465376Z,2026-06-09T12:49:07.42465376Z,2026-06-09T12:46:40Z,905.764,value,boiler_sensors,BOILER_001,main_steam_flow,NORMAL
,,13,2026-06-09T11:49:07.42465376Z,2026-06-09T12:49:07.42465376Z,2026-06-09T12:46:50Z,891.9302143,value,boiler_sensors,BOILER_001,main_steam_flow,NORMAL
,,13,2026-06-09T11:49:07.42465376Z,2026-06-09T12:49:07.42465376Z,2026-06-09T12:47:00Z,889.2345385,value,boiler_sensors,BOILER_001,main_steam_flow,NORMAL
,,13,2026-06-09T11:49:07.42465376Z,2026-06-09T12:49:07.42465376Z,2026-06-09T12:47:20Z,908.17825,value,boiler_sensors,BOILER_001,main_steam_flow,NORMAL
,,13,2026-06-09T11:49:07.42465376Z,2026-06-09T12:49:07.42465376Z,2026-06-09T12:47:30Z,904.9303333,value,boiler_sensors,BOILER_001,main_steam_flow,NORMAL
,,13,2026-06-09T11:49:07.42465376Z,2026-06-09T12:49:07.42465376Z,2026-06-09T12:47:40Z,906.7154211,value,boiler_sensors,BOILER_001,main_steam_flow,NORMAL
,,13,2026-06-09T11:49:07.42465376Z,2026-06-09T12:49:07.42465376Z,2026-06-09T12:47:50Z,899.1931429,value,boiler_sensors,BOILER_001,main_steam_flow,NORMAL
,,14,2026-06-09T11:49:07.42465376Z,2026-06-09T12:49:07.42465376Z,2026-06-09T12:41:00Z,891.2225625,value,boiler_sensors,BOILER_001,main_steam_flow,WARNING
,,14,2026-06-09T11:49:07.42465376Z,2026-06-09T12:49:07.42465376Z,2026-06-09T12:41:10Z,889.300375,value,boiler_sensors,BOILER_001,main_steam_flow,WARNING
,,14,2026-06-09T11:49:07.42465376Z,2026-06-09T12:49:07.42465376Z,2026-06-09T12:41:20Z,910.1206667,value,boiler_sensors,BOILER_001,main_steam_flow,WARNING
,,14,2026-06-09T11:49:07.42465376Z,2026-06-09T12:49:07.42465376Z,2026-06-09T12:41:30Z,911.010125,value,boiler_sensors,BOILER_001,main_steam_flow,WARNING
,,14,2026-06-09T11:49:07.42465376Z,2026-06-09T12:49:07.42465376Z,2026-06-09T12:44:10Z,907.1154286,value,boiler_sensors,BOILER_001,main_steam_flow,WARNING
,,14,2026-06-09T11:49:07.42465376Z,2026-06-09T12:49:07.42465376Z,2026-06-09T12:44:30Z,884.94075,value,boiler_sensors,BOILER_001,main_steam_flow,WARNING
,,14,2026-06-09T11:49:07.42465376Z,2026-06-09T12:49:07.42465376Z,2026-06-09T12:44:40Z,894.204125,value,boiler_sensors,BOILER_001,main_steam_flow,WARNING
,,14,2026-06-09T11:49:07.42465376Z,2026-06-09T12:49:07.42465376Z,2026-06-09T12:44:50Z,898.6684286,value,boiler_sensors,BOILER_001,main_steam_flow,WARNING
,,14,2026-06-09T11:49:07.42465376Z,2026-06-09T12:49:07.42465376Z,2026-06-09T12:47:00Z,897.1021667,value,boiler_sensors,BOILER_001,main_steam_flow,WARNING
,,14,2026-06-09T11:49:07.42465376Z,2026-06-09T12:49:07.42465376Z,2026-06-09T12:47:10Z,894.6817895,value,boiler_sensors,BOILER_001,main_steam_flow,WARNING
,,14,2026-06-09T11:49:07.42465376Z,2026-06-09T12:49:07.42465376Z,2026-06-09T12:47:20Z,904.3846667,value,boiler_sensors,BOILER_001,main_steam_flow,WARNING
,,14,2026-06-09T11:49:07.42465376Z,2026-06-09T12:49:07.42465376Z,2026-06-09T12:47:30Z,907.0741,value,boiler_sensors,BOILER_001,main_steam_flow,WARNING
,,14,2026-06-09T11:49:07.42465376Z,2026-06-09T12:49:07.42465376Z,2026-06-09T12:47:50Z,894.19875,value,boiler_sensors,BOILER_001,main_steam_flow,WARNING
,,14,2026-06-09T11:49:07.42465376Z,2026-06-09T12:49:07.42465376Z,2026-06-09T12:48:00Z,903.5935,value,boiler_sensors,BOILER_001,main_steam_flow,WARNING
,,15,2026-06-09T11:49:07.42465376Z,2026-06-09T12:49:07.42465376Z,2026-06-09T12:40:30Z,16.71566667,value,boiler_sensors,BOILER_001,main_steam_pressure_boiler,CRITICAL
,,15,2026-06-09T11:49:07.42465376Z,2026-06-09T12:49:07.42465376Z,2026-06-09T12:40:40Z,16.645,value,boiler_sensors,BOILER_001,main_steam_pressure_boiler,CRITICAL
,,15,2026-06-09T11:49:07.42465376Z,2026-06-09T12:49:07.42465376Z,2026-06-09T12:44:50Z,16.5875,value,boiler_sensors,BOILER_001,main_steam_pressure_boiler,CRITICAL
,,15,2026-06-09T11:49:07.42465376Z,2026-06-09T12:49:07.42465376Z,2026-06-09T12:45:00Z,17.14758824,value,boiler_sensors,BOILER_001,main_steam_pressure_boiler,CRITICAL
,,15,2026-06-09T11:49:07.42465376Z,2026-06-09T12:49:07.42465376Z,2026-06-09T12:45:10Z,19.205,value,boiler_sensors,BOILER_001,main_steam_pressure_boiler,CRITICAL
,,15,2026-06-09T11:49:07.42465376Z,2026-06-09T12:49:07.42465376Z,2026-06-09T12:45:20Z,19.205,value,boiler_sensors,BOILER_001,main_steam_pressure_boiler,CRITICAL
,,15,2026-06-09T11:49:07.42465376Z,2026-06-09T12:49:07.42465376Z,2026-06-09T12:45:30Z,19.205,value,boiler_sensors,BOILER_001,main_steam_pressure_boiler,CRITICAL
,,15,2026-06-09T11:49:07.42465376Z,2026-06-09T12:49:07.42465376Z,2026-06-09T12:45:40Z,19.205,value,boiler_sensors,BOILER_001,main_steam_pressure_boiler,CRITICAL
,,15,2026-06-09T11:49:07.42465376Z,2026-06-09T12:49:07.42465376Z,2026-06-09T12:45:50Z,19.205,value,boiler_sensors,BOILER_001,main_steam_pressure_boiler,CRITICAL
,,15,2026-06-09T11:49:07.42465376Z,2026-06-09T12:49:07.42465376Z,2026-06-09T12:46:00Z,16.62906667,value,boiler_sensors,BOILER_001,main_steam_pressure_boiler,CRITICAL
,,15,2026-06-09T11:49:07.42465376Z,2026-06-09T12:49:07.42465376Z,2026-06-09T12:46:10Z,16.60413333,value,boiler_sensors,BOILER_001,main_steam_pressure_boiler,CRITICAL
,,15,2026-06-09T11:49:07.42465376Z,2026-06-09T12:49:07.42465376Z,2026-06-09T12:46:20Z,16.8465,value,boiler_sensors,BOILER_001,main_steam_pressure_boiler,CRITICAL
,,15,2026-06-09T11:49:07.42465376Z,2026-06-09T12:49:07.42465376Z,2026-06-09T12:46:40Z,16.6438,value,boiler_sensors,BOILER_001,main_steam_pressure_boiler,CRITICAL
,,15,2026-06-09T11:49:07.42465376Z,2026-06-09T12:49:07.42465376Z,2026-06-09T12:46:50Z,16.68166667,value,boiler_sensors,BOILER_001,main_steam_pressure_boiler,CRITICAL
,,16,2026-06-09T11:49:07.42465376Z,2026-06-09T12:49:07.42465376Z,2026-06-09T12:40:40Z,16.67,value,boiler_sensors,BOILER_001,main_steam_pressure_boiler,NORMAL
,,16,2026-06-09T11:49:07.42465376Z,2026-06-09T12:49:07.42465376Z,2026-06-09T12:40:50Z,16.62652632,value,boiler_sensors,BOILER_001,main_steam_pressure_boiler,NORMAL
,,16,2026-06-09T11:49:07.42465376Z,2026-06-09T12:49:07.42465376Z,2026-06-09T12:41:00Z,16.65733333,value,boiler_sensors,BOILER_001,main_steam_pressure_boiler,NORMAL
,,16,2026-06-09T11:49:07.42465376Z,2026-06-09T12:49:07.42465376Z,2026-06-09T12:41:10Z,16.69608333,value,boiler_sensors,BOILER_001,main_steam_pressure_boiler,NORMAL
,,16,2026-06-09T11:49:07.42465376Z,2026-06-09T12:49:07.42465376Z,2026-06-09T12:41:20Z,16.7832,value,boiler_sensors,BOILER_001,main_steam_pressure_boiler,NORMAL
,,16,2026-06-09T11:49:07.42465376Z,2026-06-09T12:49:07.42465376Z,2026-06-09T12:44:00Z,16.711,value,boiler_sensors,BOILER_001,main_steam_pressure_boiler,NORMAL
,,16,2026-06-09T11:49:07.42465376Z,2026-06-09T12:49:07.42465376Z,2026-06-09T12:44:10Z,16.8716,value,boiler_sensors,BOILER_001,main_steam_pressure_boiler,NORMAL
,,16,2026-06-09T11:49:07.42465376Z,2026-06-09T12:49:07.42465376Z,2026-06-09T12:44:20Z,16.75405263,value,boiler_sensors,BOILER_001,main_steam_pressure_boiler,NORMAL
,,16,2026-06-09T11:49:07.42465376Z,2026-06-09T12:49:07.42465376Z,2026-06-09T12:44:30Z,16.71993333,value,boiler_sensors,BOILER_001,main_steam_pressure_boiler,NORMAL
,,16,2026-06-09T11:49:07.42465376Z,2026-06-09T12:49:07.42465376Z,2026-06-09T12:44:40Z,16.559,value,boiler_sensors,BOILER_001,main_steam_pressure_boiler,NORMAL
,,16,2026-06-09T11:49:07.42465376Z,2026-06-09T12:49:07.42465376Z,2026-06-09T12:44:50Z,16.6785,value,boiler_sensors,BOILER_001,main_steam_pressure_boiler,NORMAL
,,16,2026-06-09T11:49:07.42465376Z,2026-06-09T12:49:07.42465376Z,2026-06-09T12:45:00Z,16.6145,value,boiler_sensors,BOILER_001,main_steam_pressure_boiler,NORMAL
,,16,2026-06-09T11:49:07.42465376Z,2026-06-09T12:49:07.42465376Z,2026-06-09T12:45:20Z,16.98518182,value,boiler_sensors,BOILER_001,main_steam_pressure_boiler,NORMAL
,,16,2026-06-09T11:49:07.42465376Z,2026-06-09T12:49:07.42465376Z,2026-06-09T12:45:30Z,19.205,value,boiler_sensors,BOILER_001,main_steam_pressure_boiler,NORMAL
,,16,2026-06-09T11:49:07.42465376Z,2026-06-09T12:49:07.42465376Z,2026-06-09T12:45:40Z,16.71575,value,boiler_sensors,BOILER_001,main_steam_pressure_boiler,NORMAL
,,16,2026-06-09T11:49:07.42465376Z,2026-06-09T12:49:07.42465376Z,2026-06-09T12:45:50Z,16.87477778,value,boiler_sensors,BOILER_001,main_steam_pressure_boiler,NORMAL
,,16,2026-06-09T11:49:07.42465376Z,2026-06-09T12:49:07.42465376Z,2026-06-09T12:46:00Z,16.52175,value,boiler_sensors,BOILER_001,main_steam_pressure_boiler,NORMAL
,,16,2026-06-09T11:49:07.42465376Z,2026-06-09T12:49:07.42465376Z,2026-06-09T12:46:10Z,16.8972,value,boiler_sensors,BOILER_001,main_steam_pressure_boiler,NORMAL
,,16,2026-06-09T11:49:07.42465376Z,2026-06-09T12:49:07.42465376Z,2026-06-09T12:46:20Z,16.748,value,boiler_sensors,BOILER_001,main_steam_pressure_boiler,NORMAL
,,16,2026-06-09T11:49:07.42465376Z,2026-06-09T12:49:07.42465376Z,2026-06-09T12:46:30Z,16.747,value,boiler_sensors,BOILER_001,main_steam_pressure_boiler,NORMAL
,,16,2026-06-09T11:49:07.42465376Z,2026-06-09T12:49:07.42465376Z,2026-06-09T12:46:40Z,16.62266667,value,boiler_sensors,BOILER_001,main_steam_pressure_boiler,NORMAL
,,16,2026-06-09T11:49:07.42465376Z,2026-06-09T12:49:07.42465376Z,2026-06-09T12:46:50Z,16.67192857,value,boiler_sensors,BOILER_001,main_steam_pressure_boiler,NORMAL
,,16,2026-06-09T11:49:07.42465376Z,2026-06-09T12:49:07.42465376Z,2026-06-09T12:47:00Z,16.62738462,value,boiler_sensors,BOILER_001,main_steam_pressure_boiler,NORMAL
,,16,2026-06-09T11:49:07.42465376Z,2026-06-09T12:49:07.42465376Z,2026-06-09T12:47:20Z,16.7035,value,boiler_sensors,BOILER_001,main_steam_pressure_boiler,NORMAL
,,16,2026-06-09T11:49:07.42465376Z,2026-06-09T12:49:07.42465376Z,2026-06-09T12:47:30Z,16.87077778,value,boiler_sensors,BOILER_001,main_steam_pressure_boiler,NORMAL
,,16,2026-06-09T11:49:07.42465376Z,2026-06-09T12:49:07.42465376Z,2026-06-09T12:47:40Z,16.789,value,boiler_sensors,BOILER_001,main_steam_pressure_boiler,NORMAL
,,16,2026-06-09T11:49:07.42465376Z,2026-06-09T12:49:07.42465376Z,2026-06-09T12:47:50Z,16.72828571,value,boiler_sensors,BOILER_001,main_steam_pressure_boiler,NORMAL
,,17,2026-06-09T11:49:07.42465376Z,2026-06-09T12:49:07.42465376Z,2026-06-09T12:41:00Z,16.660625,value,boiler_sensors,BOILER_001,main_steam_pressure_boiler,WARNING
,,17,2026-06-09T11:49:07.42465376Z,2026-06-09T12:49:07.42465376Z,2026-06-09T12:41:10Z,16.738375,value,boiler_sensors,BOILER_001,main_steam_pressure_boiler,WARNING
,,17,2026-06-09T11:49:07.42465376Z,2026-06-09T12:49:07.42465376Z,2026-06-09T12:41:20Z,16.76433333,value,boiler_sensors,BOILER_001,main_steam_pressure_boiler,WARNING
,,17,2026-06-09T11:49:07.42465376Z,2026-06-09T12:49:07.42465376Z,2026-06-09T12:41:30Z,16.7484375,value,boiler_sensors,BOILER_001,main_steam_pressure_boiler,WARNING
,,17,2026-06-09T11:49:07.42465376Z,2026-06-09T12:49:07.42465376Z,2026-06-09T12:44:10Z,16.75807143,value,boiler_sensors,BOILER_001,main_steam_pressure_boiler,WARNING
,,17,2026-06-09T11:49:07.42465376Z,2026-06-09T12:49:07.42465376Z,2026-06-09T12:44:30Z,16.75275,value,boiler_sensors,BOILER_001,main_steam_pressure_boiler,WARNING
,,17,2026-06-09T11:49:07.42465376Z,2026-06-09T12:49:07.42465376Z,2026-06-09T12:44:40Z,16.643125,value,boiler_sensors,BOILER_001,main_steam_pressure_boiler,WARNING
,,17,2026-06-09T11:49:07.42465376Z,2026-06-09T12:49:07.42465376Z,2026-06-09T12:44:50Z,16.73014286,value,boiler_sensors,BOILER_001,main_steam_pressure_boiler,WARNING
,,17,2026-06-09T11:49:07.42465376Z,2026-06-09T12:49:07.42465376Z,2026-06-09T12:47:00Z,16.478,value,boiler_sensors,BOILER_001,main_steam_pressure_boiler,WARNING
,,17,2026-06-09T11:49:07.42465376Z,2026-06-09T12:49:07.42465376Z,2026-06-09T12:47:10Z,16.63373684,value,boiler_sensors,BOILER_001,main_steam_pressure_boiler,WARNING
,,17,2026-06-09T11:49:07.42465376Z,2026-06-09T12:49:07.42465376Z,2026-06-09T12:47:20Z,16.75333333,value,boiler_sensors,BOILER_001,main_steam_pressure_boiler,WARNING
,,17,2026-06-09T11:49:07.42465376Z,2026-06-09T12:49:07.42465376Z,2026-06-09T12:47:30Z,16.699,value,boiler_sensors,BOILER_001,main_steam_pressure_boiler,WARNING
,,17,2026-06-09T11:49:07.42465376Z,2026-06-09T12:49:07.42465376Z,2026-06-09T12:47:50Z,16.73091667,value,boiler_sensors,BOILER_001,main_steam_pressure_boiler,WARNING
,,17,2026-06-09T11:49:07.42465376Z,2026-06-09T12:49:07.42465376Z,2026-06-09T12:48:00Z,16.3995,value,boiler_sensors,BOILER_001,main_steam_pressure_boiler,WARNING
,,18,2026-06-09T11:49:07.42465376Z,2026-06-09T12:49:07.42465376Z,2026-06-09T12:40:30Z,538.1473333,value,boiler_sensors,BOILER_001,main_steam_temp_boiler,CRITICAL
,,18,2026-06-09T11:49:07.42465376Z,2026-06-09T12:49:07.42465376Z,2026-06-09T12:40:40Z,539.5019231,value,boiler_sensors,BOILER_001,main_steam_temp_boiler,CRITICAL
,,18,2026-06-09T11:49:07.42465376Z,2026-06-09T12:49:07.42465376Z,2026-06-09T12:44:50Z,540.388,value,boiler_sensors,BOILER_001,main_steam_temp_boiler,CRITICAL
,,18,2026-06-09T11:49:07.42465376Z,2026-06-09T12:49:07.42465376Z,2026-06-09T12:45:00Z,537.5476471,value,boiler_sensors,BOILER_001,main_steam_temp_boiler,CRITICAL
,,18,2026-06-09T11:49:07.42465376Z,2026-06-09T12:49:07.42465376Z,2026-06-09T12:45:10Z,541.3687368,value,boiler_sensors,BOILER_001,main_steam_temp_boiler,CRITICAL
,,18,2026-06-09T11:49:07.42465376Z,2026-06-09T12:49:07.42465376Z,2026-06-09T12:45:20Z,542.1436667,value,boiler_sensors,BOILER_001,main_steam_temp_boiler,CRITICAL
,,18,2026-06-09T11:49:07.42465376Z,2026-06-09T12:49:07.42465376Z,2026-06-09T12:45:30Z,541.6393333,value,boiler_sensors,BOILER_001,main_steam_temp_boiler,CRITICAL
,,18,2026-06-09T11:49:07.42465376Z,2026-06-09T12:49:07.42465376Z,2026-06-09T12:45:40Z,537.64575,value,boiler_sensors,BOILER_001,main_steam_temp_boiler,CRITICAL
,,18,2026-06-09T11:49:07.42465376Z,2026-06-09T12:49:07.42465376Z,2026-06-09T12:45:50Z,538.5954,value,boiler_sensors,BOILER_001,main_steam_temp_boiler,CRITICAL
,,18,2026-06-09T11:49:07.42465376Z,2026-06-09T12:49:07.42465376Z,2026-06-09T12:46:00Z,539.9950667,value,boiler_sensors,BOILER_001,main_steam_temp_boiler,CRITICAL
,,18,2026-06-09T11:49:07.42465376Z,2026-06-09T12:49:07.42465376Z,2026-06-09T12:46:10Z,540.1844,value,boiler_sensors,BOILER_001,main_steam_temp_boiler,CRITICAL
,,18,2026-06-09T11:49:07.42465376Z,2026-06-09T12:49:07.42465376Z,2026-06-09T12:46:20Z,538.971375,value,boiler_sensors,BOILER_001,main_steam_temp_boiler,CRITICAL
,,18,2026-06-09T11:49:07.42465376Z,2026-06-09T12:49:07.42465376Z,2026-06-09T12:46:40Z,538.6554667,value,boiler_sensors,BOILER_001,main_steam_temp_boiler,CRITICAL
,,18,2026-06-09T11:49:07.42465376Z,2026-06-09T12:49:07.42465376Z,2026-06-09T12:46:50Z,536.718,value,boiler_sensors,BOILER_001,main_steam_temp_boiler,CRITICAL
,,19,2026-06-09T11:49:07.42465376Z,2026-06-09T12:49:07.42465376Z,2026-06-09T12:40:40Z,540.4395,value,boiler_sensors,BOILER_001,main_steam_temp_boiler,NORMAL
,,19,2026-06-09T11:49:07.42465376Z,2026-06-09T12:49:07.42465376Z,2026-06-09T12:40:50Z,538.9848947,value,boiler_sensors,BOILER_001,main_steam_temp_boiler,NORMAL
,,19,2026-06-09T11:49:07.42465376Z,2026-06-09T12:49:07.42465376Z,2026-06-09T12:41:00Z,535.1773333,value,boiler_sensors,BOILER_001,main_steam_temp_boiler,NORMAL
,,19,2026-06-09T11:49:07.42465376Z,2026-06-09T12:49:07.42465376Z,2026-06-09T12:41:10Z,537.90825,value,boiler_sensors,BOILER_001,main_steam_temp_boiler,NORMAL
,,19,2026-06-09T11:49:07.42465376Z,2026-06-09T12:49:07.42465376Z,2026-06-09T12:41:20Z,540.0140667,value,boiler_sensors,BOILER_001,main_steam_temp_boiler,NORMAL
,,19,2026-06-09T11:49:07.42465376Z,2026-06-09T12:49:07.42465376Z,2026-06-09T12:44:00Z,543.428,value,boiler_sensors,BOILER_001,main_steam_temp_boiler,NORMAL
,,19,2026-06-09T11:49:07.42465376Z,2026-06-09T12:49:07.42465376Z,2026-06-09T12:44:10Z,540.4354,value,boiler_sensors,BOILER_001,main_steam_temp_boiler,NORMAL
,,19,2026-06-09T11:49:07.42465376Z,2026-06-09T12:49:07.42465376Z,2026-06-09T12:44:20Z,539.1025263,value,boiler_sensors,BOILER_001,main_steam_temp_boiler,NORMAL
,,19,2026-06-09T11:49:07.42465376Z,2026-06-09T12:49:07.42465376Z,2026-06-09T12:44:30Z,541.5708,value,boiler_sensors,BOILER_001,main_steam_temp_boiler,NORMAL
,,19,2026-06-09T11:49:07.42465376Z,2026-06-09T12:49:07.42465376Z,2026-06-09T12:44:40Z,538.69325,value,boiler_sensors,BOILER_001,main_steam_temp_boiler,NORMAL
,,19,2026-06-09T11:49:07.42465376Z,2026-06-09T12:49:07.42465376Z,2026-06-09T12:44:50Z,540.3067,value,boiler_sensors,BOILER_001,main_steam_temp_boiler,NORMAL
,,19,2026-06-09T11:49:07.42465376Z,2026-06-09T12:49:07.42465376Z,2026-06-09T12:45:00Z,541.2055,value,boiler_sensors,BOILER_001,main_steam_temp_boiler,NORMAL
,,19,2026-06-09T11:49:07.42465376Z,2026-06-09T12:49:07.42465376Z,2026-06-09T12:45:20Z,537.5900909,value,boiler_sensors,BOILER_001,main_steam_temp_boiler,NORMAL
,,19,2026-06-09T11:49:07.42465376Z,2026-06-09T12:49:07.42465376Z,2026-06-09T12:45:30Z,540.86,value,boiler_sensors,BOILER_001,main_steam_temp_boiler,NORMAL
,,19,2026-06-09T11:49:07.42465376Z,2026-06-09T12:49:07.42465376Z,2026-06-09T12:45:40Z,537.88425,value,boiler_sensors,BOILER_001,main_steam_temp_boiler,NORMAL
,,19,2026-06-09T11:49:07.42465376Z,2026-06-09T12:49:07.42465376Z,2026-06-09T12:45:50Z,540.4667778,value,boiler_sensors,BOILER_001,main_steam_temp_boiler,NORMAL
,,19,2026-06-09T11:49:07.42465376Z,2026-06-09T12:49:07.42465376Z,2026-06-09T12:46:00Z,537.6165,value,boiler_sensors,BOILER_001,main_steam_temp_boiler,NORMAL
,,19,2026-06-09T11:49:07.42465376Z,2026-06-09T12:49:07.42465376Z,2026-06-09T12:46:10Z,539.518,value,boiler_sensors,BOILER_001,main_steam_temp_boiler,NORMAL
,,19,2026-06-09T11:49:07.42465376Z,2026-06-09T12:49:07.42465376Z,2026-06-09T12:46:20Z,539.5468182,value,boiler_sensors,BOILER_001,main_steam_temp_boiler,NORMAL
,,19,2026-06-09T11:49:07.42465376Z,2026-06-09T12:49:07.42465376Z,2026-06-09T12:46:30Z,541.2911579,value,boiler_sensors,BOILER_001,main_steam_temp_boiler,NORMAL
,,19,2026-06-09T11:49:07.42465376Z,2026-06-09T12:49:07.42465376Z,2026-06-09T12:46:40Z,539.5156667,value,boiler_sensors,BOILER_001,main_steam_temp_boiler,NORMAL
,,19,2026-06-09T11:49:07.42465376Z,2026-06-09T12:49:07.42465376Z,2026-06-09T12:46:50Z,541.4496429,value,boiler_sensors,BOILER_001,main_steam_temp_boiler,NORMAL
,,19,2026-06-09T11:49:07.42465376Z,2026-06-09T12:49:07.42465376Z,2026-06-09T12:47:00Z,536.5243077,value,boiler_sensors,BOILER_001,main_steam_temp_boiler,NORMAL
,,19,2026-06-09T11:49:07.42465376Z,2026-06-09T12:49:07.42465376Z,2026-06-09T12:47:20Z,538.359625,value,boiler_sensors,BOILER_001,main_steam_temp_boiler,NORMAL
,,19,2026-06-09T11:49:07.42465376Z,2026-06-09T12:49:07.42465376Z,2026-06-09T12:47:30Z,540.047,value,boiler_sensors,BOILER_001,main_steam_temp_boiler,NORMAL
,,19,2026-06-09T11:49:07.42465376Z,2026-06-09T12:49:07.42465376Z,2026-06-09T12:47:40Z,538.5805263,value,boiler_sensors,BOILER_001,main_steam_temp_boiler,NORMAL
,,19,2026-06-09T11:49:07.42465376Z,2026-06-09T12:49:07.42465376Z,2026-06-09T12:47:50Z,539.605,value,boiler_sensors,BOILER_001,main_steam_temp_boiler,NORMAL
,,20,2026-06-09T11:49:07.42465376Z,2026-06-09T12:49:07.42465376Z,2026-06-09T12:41:00Z,538.2855,value,boiler_sensors,BOILER_001,main_steam_temp_boiler,WARNING
,,20,2026-06-09T11:49:07.42465376Z,2026-06-09T12:49:07.42465376Z,2026-06-09T12:41:10Z,539.342625,value,boiler_sensors,BOILER_001,main_steam_temp_boiler,WARNING
,,20,2026-06-09T11:49:07.42465376Z,2026-06-09T12:49:07.42465376Z,2026-06-09T12:41:20Z,538.444,value,boiler_sensors,BOILER_001,main_steam_temp_boiler,WARNING
,,20,2026-06-09T11:49:07.42465376Z,2026-06-09T12:49:07.42465376Z,2026-06-09T12:41:30Z,540.5589375,value,boiler_sensors,BOILER_001,main_steam_temp_boiler,WARNING
,,20,2026-06-09T11:49:07.42465376Z,2026-06-09T12:49:07.42465376Z,2026-06-09T12:44:10Z,539.9557857,value,boiler_sensors,BOILER_001,main_steam_temp_boiler,WARNING
,,20,2026-06-09T11:49:07.42465376Z,2026-06-09T12:49:07.42465376Z,2026-06-09T12:44:30Z,539.9455,value,boiler_sensors,BOILER_001,main_steam_temp_boiler,WARNING
,,20,2026-06-09T11:49:07.42465376Z,2026-06-09T12:49:07.42465376Z,2026-06-09T12:44:40Z,540.2939375,value,boiler_sensors,BOILER_001,main_steam_temp_boiler,WARNING
,,20,2026-06-09T11:49:07.42465376Z,2026-06-09T12:49:07.42465376Z,2026-06-09T12:44:50Z,536.4531429,value,boiler_sensors,BOILER_001,main_steam_temp_boiler,WARNING
,,20,2026-06-09T11:49:07.42465376Z,2026-06-09T12:49:07.42465376Z,2026-06-09T12:47:00Z,540.4195,value,boiler_sensors,BOILER_001,main_steam_temp_boiler,WARNING
,,20,2026-06-09T11:49:07.42465376Z,2026-06-09T12:49:07.42465376Z,2026-06-09T12:47:10Z,538.0192105,value,boiler_sensors,BOILER_001,main_steam_temp_boiler,WARNING
,,20,2026-06-09T11:49:07.42465376Z,2026-06-09T12:49:07.42465376Z,2026-06-09T12:47:20Z,542.5793333,value,boiler_sensors,BOILER_001,main_steam_temp_boiler,WARNING
,,20,2026-06-09T11:49:07.42465376Z,2026-06-09T12:49:07.42465376Z,2026-06-09T12:47:30Z,539.1387,value,boiler_sensors,BOILER_001,main_steam_temp_boiler,WARNING
,,20,2026-06-09T11:49:07.42465376Z,2026-06-09T12:49:07.42465376Z,2026-06-09T12:47:50Z,540.3325833,value,boiler_sensors,BOILER_001,main_steam_temp_boiler,WARNING
,,20,2026-06-09T11:49:07.42465376Z,2026-06-09T12:49:07.42465376Z,2026-06-09T12:48:00Z,539.0445,value,boiler_sensors,BOILER_001,main_steam_temp_boiler,WARNING
,,21,2026-06-09T11:49:07.42465376Z,2026-06-09T12:49:07.42465376Z,2026-06-09T12:40:30Z,4.064,value,boiler_sensors,BOILER_001,oxygen_level,CRITICAL
,,21,2026-06-09T11:49:07.42465376Z,2026-06-09T12:49:07.42465376Z,2026-06-09T12:40:40Z,4.007307692,value,boiler_sensors,BOILER_001,oxygen_level,CRITICAL
,,21,2026-06-09T11:49:07.42465376Z,2026-06-09T12:49:07.42465376Z,2026-06-09T12:44:50Z,3.897,value,boiler_sensors,BOILER_001,oxygen_level,CRITICAL
,,21,2026-06-09T11:49:07.42465376Z,2026-06-09T12:49:07.42465376Z,2026-06-09T12:45:00Z,3.956764706,value,boiler_sensors,BOILER_001,oxygen_level,CRITICAL
,,21,2026-06-09T11:49:07.42465376Z,2026-06-09T12:49:07.42465376Z,2026-06-09T12:45:10Z,4.036842105,value,boiler_sensors,BOILER_001,oxygen_level,CRITICAL
,,21,2026-06-09T11:49:07.42465376Z,2026-06-09T12:49:07.42465376Z,2026-06-09T12:45:20Z,4.099,value,boiler_sensors,BOILER_001,oxygen_level,CRITICAL
,,21,2026-06-09T11:49:07.42465376Z,2026-06-09T12:49:07.42465376Z,2026-06-09T12:45:30Z,4.051888889,value,boiler_sensors,BOILER_001,oxygen_level,CRITICAL
,,21,2026-06-09T11:49:07.42465376Z,2026-06-09T12:49:07.42465376Z,2026-06-09T12:45:40Z,3.9579375,value,boiler_sensors,BOILER_001,oxygen_level,CRITICAL
,,21,2026-06-09T11:49:07.42465376Z,2026-06-09T12:49:07.42465376Z,2026-06-09T12:45:50Z,3.9173,value,boiler_sensors,BOILER_001,oxygen_level,CRITICAL
,,21,2026-06-09T11:49:07.42465376Z,2026-06-09T12:49:07.42465376Z,2026-06-09T12:46:00Z,3.942533333,value,boiler_sensors,BOILER_001,oxygen_level,CRITICAL
,,21,2026-06-09T11:49:07.42465376Z,2026-06-09T12:49:07.42465376Z,2026-06-09T12:46:10Z,4.019133333,value,boiler_sensors,BOILER_001,oxygen_level,CRITICAL
,,21,2026-06-09T11:49:07.42465376Z,2026-06-09T12:49:07.42465376Z,2026-06-09T12:46:20Z,4.082875,value,boiler_sensors,BOILER_001,oxygen_level,CRITICAL
,,21,2026-06-09T11:49:07.42465376Z,2026-06-09T12:49:07.42465376Z,2026-06-09T12:46:40Z,4.0072,value,boiler_sensors,BOILER_001,oxygen_level,CRITICAL
,,21,2026-06-09T11:49:07.42465376Z,2026-06-09T12:49:07.42465376Z,2026-06-09T12:46:50Z,3.966,value,boiler_sensors,BOILER_001,oxygen_level,CRITICAL
,,22,2026-06-09T11:49:07.42465376Z,2026-06-09T12:49:07.42465376Z,2026-06-09T12:40:40Z,4.0015,value,boiler_sensors,BOILER_001,oxygen_level,NORMAL
,,22,2026-06-09T11:49:07.42465376Z,2026-06-09T12:49:07.42465376Z,2026-06-09T12:40:50Z,3.919526316,value,boiler_sensors,BOILER_001,oxygen_level,NORMAL
,,22,2026-06-09T11:49:07.42465376Z,2026-06-09T12:49:07.42465376Z,2026-06-09T12:41:00Z,3.915333333,value,boiler_sensors,BOILER_001,oxygen_level,NORMAL
,,22,2026-06-09T11:49:07.42465376Z,2026-06-09T12:49:07.42465376Z,2026-06-09T12:41:10Z,4.359833333,value,boiler_sensors,BOILER_001,oxygen_level,NORMAL
,,22,2026-06-09T11:49:07.42465376Z,2026-06-09T12:49:07.42465376Z,2026-06-09T12:41:20Z,4.059266667,value,boiler_sensors,BOILER_001,oxygen_level,NORMAL
,,22,2026-06-09T11:49:07.42465376Z,2026-06-09T12:49:07.42465376Z,2026-06-09T12:44:00Z,4.059,value,boiler_sensors,BOILER_001,oxygen_level,NORMAL
,,22,2026-06-09T11:49:07.42465376Z,2026-06-09T12:49:07.42465376Z,2026-06-09T12:44:10Z,3.5036,value,boiler_sensors,BOILER_001,oxygen_level,NORMAL
,,22,2026-06-09T11:49:07.42465376Z,2026-06-09T12:49:07.42465376Z,2026-06-09T12:44:20Z,4.090105263,value,boiler_sensors,BOILER_001,oxygen_level,NORMAL
,,22,2026-06-09T11:49:07.42465376Z,2026-06-09T12:49:07.42465376Z,2026-06-09T12:44:30Z,4.018466667,value,boiler_sensors,BOILER_001,oxygen_level,NORMAL
,,22,2026-06-09T11:49:07.42465376Z,2026-06-09T12:49:07.42465376Z,2026-06-09T12:44:40Z,3.925,value,boiler_sensors,BOILER_001,oxygen_level,NORMAL
,,22,2026-06-09T11:49:07.42465376Z,2026-06-09T12:49:07.42465376Z,2026-06-09T12:44:50Z,3.9011,value,boiler_sensors,BOILER_001,oxygen_level,NORMAL
,,22,2026-06-09T11:49:07.42465376Z,2026-06-09T12:49:07.42465376Z,2026-06-09T12:45:00Z,3.9735,value,boiler_sensors,BOILER_001,oxygen_level,NORMAL
,,22,2026-06-09T11:49:07.42465376Z,2026-06-09T12:49:07.42465376Z,2026-06-09T12:45:20Z,4.084181818,value,boiler_sensors,BOILER_001,oxygen_level,NORMAL
,,22,2026-06-09T11:49:07.42465376Z,2026-06-09T12:49:07.42465376Z,2026-06-09T12:45:30Z,3.98,value,boiler_sensors,BOILER_001,oxygen_level,NORMAL
,,22,2026-06-09T11:49:07.42465376Z,2026-06-09T12:49:07.42465376Z,2026-06-09T12:45:40Z,4.001,value,boiler_sensors,BOILER_001,oxygen_level,NORMAL
,,22,2026-06-09T11:49:07.42465376Z,2026-06-09T12:49:07.42465376Z,2026-06-09T12:45:50Z,3.897666667,value,boiler_sensors,BOILER_001,oxygen_level,NORMAL
,,22,2026-06-09T11:49:07.42465376Z,2026-06-09T12:49:07.42465376Z,2026-06-09T12:46:00Z,3.90825,value,boiler_sensors,BOILER_001,oxygen_level,NORMAL
,,22,2026-06-09T11:49:07.42465376Z,2026-06-09T12:49:07.42465376Z,2026-06-09T12:46:10Z,4.0322,value,boiler_sensors,BOILER_001,oxygen_level,NORMAL
,,22,2026-06-09T11:49:07.42465376Z,2026-06-09T12:49:07.42465376Z,2026-06-09T12:46:20Z,4.110909091,value,boiler_sensors,BOILER_001,oxygen_level,NORMAL
,,22,2026-06-09T11:49:07.42465376Z,2026-06-09T12:49:07.42465376Z,2026-06-09T12:46:30Z,4.079368421,value,boiler_sensors,BOILER_001,oxygen_level,NORMAL
,,22,2026-06-09T11:49:07.42465376Z,2026-06-09T12:49:07.42465376Z,2026-06-09T12:46:40Z,4.059,value,boiler_sensors,BOILER_001,oxygen_level,NORMAL
,,22,2026-06-09T11:49:07.42465376Z,2026-06-09T12:49:07.42465376Z,2026-06-09T12:46:50Z,3.897428571,value,boiler_sensors,BOILER_001,oxygen_level,NORMAL
,,22,2026-06-09T11:49:07.42465376Z,2026-06-09T12:49:07.42465376Z,2026-06-09T12:47:00Z,3.904769231,value,boiler_sensors,BOILER_001,oxygen_level,NORMAL
,,22,2026-06-09T11:49:07.42465376Z,2026-06-09T12:49:07.42465376Z,2026-06-09T12:47:20Z,4.0556875,value,boiler_sensors,BOILER_001,oxygen_level,NORMAL
,,22,2026-06-09T11:49:07.42465376Z,2026-06-09T12:49:07.42465376Z,2026-06-09T12:47:30Z,4.552333333,value,boiler_sensors,BOILER_001,oxygen_level,NORMAL
,,22,2026-06-09T11:49:07.42465376Z,2026-06-09T12:49:07.42465376Z,2026-06-09T12:47:40Z,4.063105263,value,boiler_sensors,BOILER_001,oxygen_level,NORMAL
,,22,2026-06-09T11:49:07.42465376Z,2026-06-09T12:49:07.42465376Z,2026-06-09T12:47:50Z,4.019142857,value,boiler_sensors,BOILER_001,oxygen_level,NORMAL
,,23,2026-06-09T11:49:07.42465376Z,2026-06-09T12:49:07.42465376Z,2026-06-09T12:41:00Z,8,value,boiler_sensors,BOILER_001,oxygen_level,WARNING
,,23,2026-06-09T11:49:07.42465376Z,2026-06-09T12:49:07.42465376Z,2026-06-09T12:41:10Z,8,value,boiler_sensors,BOILER_001,oxygen_level,WARNING
,,23,2026-06-09T11:49:07.42465376Z,2026-06-09T12:49:07.42465376Z,2026-06-09T12:41:20Z,4.109666667,value,boiler_sensors,BOILER_001,oxygen_level,WARNING
,,23,2026-06-09T11:49:07.42465376Z,2026-06-09T12:49:07.42465376Z,2026-06-09T12:41:30Z,4.086375,value,boiler_sensors,BOILER_001,oxygen_level,WARNING
,,23,2026-06-09T11:49:07.42465376Z,2026-06-09T12:49:07.42465376Z,2026-06-09T12:44:10Z,1.2,value,boiler_sensors,BOILER_001,oxygen_level,WARNING
,,23,2026-06-09T11:49:07.42465376Z,2026-06-09T12:49:07.42465376Z,2026-06-09T12:44:30Z,3.96975,value,boiler_sensors,BOILER_001,oxygen_level,WARNING
,,23,2026-06-09T11:49:07.42465376Z,2026-06-09T12:49:07.42465376Z,2026-06-09T12:44:40Z,3.9203125,value,boiler_sensors,BOILER_001,oxygen_level,WARNING
,,23,2026-06-09T11:49:07.42465376Z,2026-06-09T12:49:07.42465376Z,2026-06-09T12:44:50Z,3.908,value,boiler_sensors,BOILER_001,oxygen_level,WARNING
,,23,2026-06-09T11:49:07.42465376Z,2026-06-09T12:49:07.42465376Z,2026-06-09T12:47:00Z,3.915666667,value,boiler_sensors,BOILER_001,oxygen_level,WARNING
,,23,2026-06-09T11:49:07.42465376Z,2026-06-09T12:49:07.42465376Z,2026-06-09T12:47:10Z,3.966736842,value,boiler_sensors,BOILER_001,oxygen_level,WARNING
,,23,2026-06-09T11:49:07.42465376Z,2026-06-09T12:49:07.42465376Z,2026-06-09T12:47:20Z,4.007,value,boiler_sensors,BOILER_001,oxygen_level,WARNING
,,23,2026-06-09T11:49:07.42465376Z,2026-06-09T12:49:07.42465376Z,2026-06-09T12:47:30Z,8,value,boiler_sensors,BOILER_001,oxygen_level,WARNING
,,23,2026-06-09T11:49:07.42465376Z,2026-06-09T12:49:07.42465376Z,2026-06-09T12:47:50Z,3.946416667,value,boiler_sensors,BOILER_001,oxygen_level,WARNING
,,23,2026-06-09T11:49:07.42465376Z,2026-06-09T12:49:07.42465376Z,2026-06-09T12:48:00Z,3.878,value,boiler_sensors,BOILER_001,oxygen_level,WARNING
,,24,2026-06-09T11:49:07.42465376Z,2026-06-09T12:49:07.42465376Z,2026-06-09T12:40:30Z,540.3861667,value,boiler_sensors,BOILER_001,reheat_steam_temp_boiler,CRITICAL
,,24,2026-06-09T11:49:07.42465376Z,2026-06-09T12:49:07.42465376Z,2026-06-09T12:40:40Z,541.0906923,value,boiler_sensors,BOILER_001,reheat_steam_temp_boiler,CRITICAL
,,24,2026-06-09T11:49:07.42465376Z,2026-06-09T12:49:07.42465376Z,2026-06-09T12:44:50Z,534.9,value,boiler_sensors,BOILER_001,reheat_steam_temp_boiler,CRITICAL
,,24,2026-06-09T11:49:07.42465376Z,2026-06-09T12:49:07.42465376Z,2026-06-09T12:45:00Z,541.0087059,value,boiler_sensors,BOILER_001,reheat_steam_temp_boiler,CRITICAL
,,24,2026-06-09T11:49:07.42465376Z,2026-06-09T12:49:07.42465376Z,2026-06-09T12:45:10Z,540.9695789,value,boiler_sensors,BOILER_001,reheat_steam_temp_boiler,CRITICAL
,,24,2026-06-09T11:49:07.42465376Z,2026-06-09T12:49:07.42465376Z,2026-06-09T12:45:20Z,539.7191111,value,boiler_sensors,BOILER_001,reheat_steam_temp_boiler,CRITICAL
,,24,2026-06-09T11:49:07.42465376Z,2026-06-09T12:49:07.42465376Z,2026-06-09T12:45:30Z,539.0902778,value,boiler_sensors,BOILER_001,reheat_steam_temp_boiler,CRITICAL
,,24,2026-06-09T11:49:07.42465376Z,2026-06-09T12:49:07.42465376Z,2026-06-09T12:45:40Z,540.80825,value,boiler_sensors,BOILER_001,reheat_steam_temp_boiler,CRITICAL
,,24,2026-06-09T11:49:07.42465376Z,2026-06-09T12:49:07.42465376Z,2026-06-09T12:45:50Z,537.7905,value,boiler_sensors,BOILER_001,reheat_steam_temp_boiler,CRITICAL
,,24,2026-06-09T11:49:07.42465376Z,2026-06-09T12:49:07.42465376Z,2026-06-09T12:46:00Z,538.0684,value,boiler_sensors,BOILER_001,reheat_steam_temp_boiler,CRITICAL
,,24,2026-06-09T11:49:07.42465376Z,2026-06-09T12:49:07.42465376Z,2026-06-09T12:46:10Z,538.2622667,value,boiler_sensors,BOILER_001,reheat_steam_temp_boiler,CRITICAL
,,24,2026-06-09T11:49:07.42465376Z,2026-06-09T12:49:07.42465376Z,2026-06-09T12:46:20Z,542.783,value,boiler_sensors,BOILER_001,reheat_steam_temp_boiler,CRITICAL
,,24,2026-06-09T11:49:07.42465376Z,2026-06-09T12:49:07.42465376Z,2026-06-09T12:46:40Z,541.3178667,value,boiler_sensors,BOILER_001,reheat_steam_temp_boiler,CRITICAL
,,24,2026-06-09T11:49:07.42465376Z,2026-06-09T12:49:07.42465376Z,2026-06-09T12:46:50Z,537.44,value,boiler_sensors,BOILER_001,reheat_steam_temp_boiler,CRITICAL
,,25,2026-06-09T11:49:07.42465376Z,2026-06-09T12:49:07.42465376Z,2026-06-09T12:40:40Z,541.5645,value,boiler_sensors,BOILER_001,reheat_steam_temp_boiler,NORMAL
,,25,2026-06-09T11:49:07.42465376Z,2026-06-09T12:49:07.42465376Z,2026-06-09T12:40:50Z,539.3914737,value,boiler_sensors,BOILER_001,reheat_steam_temp_boiler,NORMAL
,,25,2026-06-09T11:49:07.42465376Z,2026-06-09T12:49:07.42465376Z,2026-06-09T12:41:00Z,542.1876667,value,boiler_sensors,BOILER_001,reheat_steam_temp_boiler,NORMAL
,,25,2026-06-09T11:49:07.42465376Z,2026-06-09T12:49:07.42465376Z,2026-06-09T12:41:10Z,540.79225,value,boiler_sensors,BOILER_001,reheat_steam_temp_boiler,NORMAL
,,25,2026-06-09T11:49:07.42465376Z,2026-06-09T12:49:07.42465376Z,2026-06-09T12:41:20Z,542.5070667,value,boiler_sensors,BOILER_001,reheat_steam_temp_boiler,NORMAL
,,25,2026-06-09T11:49:07.42465376Z,2026-06-09T12:49:07.42465376Z,2026-06-09T12:44:00Z,549.364,value,boiler_sensors,BOILER_001,reheat_steam_temp_boiler,NORMAL
,,25,2026-06-09T11:49:07.42465376Z,2026-06-09T12:49:07.42465376Z,2026-06-09T12:44:10Z,535.4384,value,boiler_sensors,BOILER_001,reheat_steam_temp_boiler,NORMAL
,,25,2026-06-09T11:49:07.42465376Z,2026-06-09T12:49:07.42465376Z,2026-06-09T12:44:20Z,542.6756842,value,boiler_sensors,BOILER_001,reheat_steam_temp_boiler,NORMAL
,,25,2026-06-09T11:49:07.42465376Z,2026-06-09T12:49:07.42465376Z,2026-06-09T12:44:30Z,540.8808,value,boiler_sensors,BOILER_001,reheat_steam_temp_boiler,NORMAL
,,25,2026-06-09T11:49:07.42465376Z,2026-06-09T12:49:07.42465376Z,2026-06-09T12:44:40Z,540.87925,value,boiler_sensors,BOILER_001,reheat_steam_temp_boiler,NORMAL
,,25,2026-06-09T11:49:07.42465376Z,2026-06-09T12:49:07.42465376Z,2026-06-09T12:44:50Z,543.9876,value,boiler_sensors,BOILER_001,reheat_steam_temp_boiler,NORMAL
,,25,2026-06-09T11:49:07.42465376Z,2026-06-09T12:49:07.42465376Z,2026-06-09T12:45:00Z,535.1245,value,boiler_sensors,BOILER_001,reheat_steam_temp_boiler,NORMAL
,,25,2026-06-09T11:49:07.42465376Z,2026-06-09T12:49:07.42465376Z,2026-06-09T12:45:20Z,542.8243636,value,boiler_sensors,BOILER_001,reheat_steam_temp_boiler,NORMAL
,,25,2026-06-09T11:49:07.42465376Z,2026-06-09T12:49:07.42465376Z,2026-06-09T12:45:30Z,536.985,value,boiler_sensors,BOILER_001,reheat_steam_temp_boiler,NORMAL
,,25,2026-06-09T11:49:07.42465376Z,2026-06-09T12:49:07.42465376Z,2026-06-09T12:45:40Z,535.847,value,boiler_sensors,BOILER_001,reheat_steam_temp_boiler,NORMAL
,,25,2026-06-09T11:49:07.42465376Z,2026-06-09T12:49:07.42465376Z,2026-06-09T12:45:50Z,541.6674444,value,boiler_sensors,BOILER_001,reheat_steam_temp_boiler,NORMAL
,,25,2026-06-09T11:49:07.42465376Z,2026-06-09T12:49:07.42465376Z,2026-06-09T12:46:00Z,541.531,value,boiler_sensors,BOILER_001,reheat_steam_temp_boiler,NORMAL
,,25,2026-06-09T11:49:07.42465376Z,2026-06-09T12:49:07.42465376Z,2026-06-09T12:46:10Z,538.556,value,boiler_sensors,BOILER_001,reheat_steam_temp_boiler,NORMAL
,,25,2026-06-09T11:49:07.42465376Z,2026-06-09T12:49:07.42465376Z,2026-06-09T12:46:20Z,540.2476364,value,boiler_sensors,BOILER_001,reheat_steam_temp_boiler,NORMAL
,,25,2026-06-09T11:49:07.42465376Z,2026-06-09T12:49:07.42465376Z,2026-06-09T12:46:30Z,541.4463684,value,boiler_sensors,BOILER_001,reheat_steam_temp_boiler,NORMAL
,,25,2026-06-09T11:49:07.42465376Z,2026-06-09T12:49:07.42465376Z,2026-06-09T12:46:40Z,532.22,value,boiler_sensors,BOILER_001,reheat_steam_temp_boiler,NORMAL
,,25,2026-06-09T11:49:07.42465376Z,2026-06-09T12:49:07.42465376Z,2026-06-09T12:46:50Z,541.2874286,value,boiler_sensors,BOILER_001,reheat_steam_temp_boiler,NORMAL
,,25,2026-06-09T11:49:07.42465376Z,2026-06-09T12:49:07.42465376Z,2026-06-09T12:47:00Z,539.4833077,value,boiler_sensors,BOILER_001,reheat_steam_temp_boiler,NORMAL
,,25,2026-06-09T11:49:07.42465376Z,2026-06-09T12:49:07.42465376Z,2026-06-09T12:47:20Z,540.1409375,value,boiler_sensors,BOILER_001,reheat_steam_temp_boiler,NORMAL
,,25,2026-06-09T11:49:07.42465376Z,2026-06-09T12:49:07.42465376Z,2026-06-09T12:47:30Z,539.4992222,value,boiler_sensors,BOILER_001,reheat_steam_temp_boiler,NORMAL
,,25,2026-06-09T11:49:07.42465376Z,2026-06-09T12:49:07.42465376Z,2026-06-09T12:47:40Z,540.2320526,value,boiler_sensors,BOILER_001,reheat_steam_temp_boiler,NORMAL
,,25,2026-06-09T11:49:07.42465376Z,2026-06-09T12:49:07.42465376Z,2026-06-09T12:47:50Z,540.1768571,value,boiler_sensors,BOILER_001,reheat_steam_temp_boiler,NORMAL
,,26,2026-06-09T11:49:07.42465376Z,2026-06-09T12:49:07.42465376Z,2026-06-09T12:41:00Z,538.7255,value,boiler_sensors,BOILER_001,reheat_steam_temp_boiler,WARNING
,,26,2026-06-09T11:49:07.42465376Z,2026-06-09T12:49:07.42465376Z,2026-06-09T12:41:10Z,539.67825,value,boiler_sensors,BOILER_001,reheat_steam_temp_boiler,WARNING
,,26,2026-06-09T11:49:07.42465376Z,2026-06-09T12:49:07.42465376Z,2026-06-09T12:41:20Z,542.5353333,value,boiler_sensors,BOILER_001,reheat_steam_temp_boiler,WARNING
,,26,2026-06-09T11:49:07.42465376Z,2026-06-09T12:49:07.42465376Z,2026-06-09T12:41:30Z,539.54975,value,boiler_sensors,BOILER_001,reheat_steam_temp_boiler,WARNING
,,26,2026-06-09T11:49:07.42465376Z,2026-06-09T12:49:07.42465376Z,2026-06-09T12:44:10Z,539.9850714,value,boiler_sensors,BOILER_001,reheat_steam_temp_boiler,WARNING
,,26,2026-06-09T11:49:07.42465376Z,2026-06-09T12:49:07.42465376Z,2026-06-09T12:44:30Z,538.84675,value,boiler_sensors,BOILER_001,reheat_steam_temp_boiler,WARNING
,,26,2026-06-09T11:49:07.42465376Z,2026-06-09T12:49:07.42465376Z,2026-06-09T12:44:40Z,558.1685625,value,boiler_sensors,BOILER_001,reheat_steam_temp_boiler,WARNING
,,26,2026-06-09T11:49:07.42465376Z,2026-06-09T12:49:07.42465376Z,2026-06-09T12:44:50Z,583.2,value,boiler_sensors,BOILER_001,reheat_steam_temp_boiler,WARNING
,,26,2026-06-09T11:49:07.42465376Z,2026-06-09T12:49:07.42465376Z,2026-06-09T12:47:00Z,583.2,value,boiler_sensors,BOILER_001,reheat_steam_temp_boiler,WARNING
,,26,2026-06-09T11:49:07.42465376Z,2026-06-09T12:49:07.42465376Z,2026-06-09T12:47:10Z,583.2,value,boiler_sensors,BOILER_001,reheat_steam_temp_boiler,WARNING
,,26,2026-06-09T11:49:07.42465376Z,2026-06-09T12:49:07.42465376Z,2026-06-09T12:47:20Z,583.2,value,boiler_sensors,BOILER_001,reheat_steam_temp_boiler,WARNING
,,26,2026-06-09T11:49:07.42465376Z,2026-06-09T12:49:07.42465376Z,2026-06-09T12:47:30Z,540.748,value,boiler_sensors,BOILER_001,reheat_steam_temp_boiler,WARNING
,,26,2026-06-09T11:49:07.42465376Z,2026-06-09T12:49:07.42465376Z,2026-06-09T12:47:50Z,540.8443333,value,boiler_sensors,BOILER_001,reheat_steam_temp_boiler,WARNING
,,26,2026-06-09T11:49:07.42465376Z,2026-06-09T12:49:07.42465376Z,2026-06-09T12:48:00Z,544.802,value,boiler_sensors,BOILER_001,reheat_steam_temp_boiler,WARNING
,,27,2026-06-09T11:49:07.42465376Z,2026-06-09T12:49:07.42465376Z,2026-06-09T12:40:30Z,5.451916667,value,boiler_sensors,BOILER_001,reheater_desup_flow,CRITICAL
,,27,2026-06-09T11:49:07.42465376Z,2026-06-09T12:49:07.42465376Z,2026-06-09T12:40:40Z,5.033461538,value,boiler_sensors,BOILER_001,reheater_desup_flow,CRITICAL
,,27,2026-06-09T11:49:07.42465376Z,2026-06-09T12:49:07.42465376Z,2026-06-09T12:44:50Z,4.4475,value,boiler_sensors,BOILER_001,reheater_desup_flow,CRITICAL
,,27,2026-06-09T11:49:07.42465376Z,2026-06-09T12:49:07.42465376Z,2026-06-09T12:45:00Z,4.744470588,value,boiler_sensors,BOILER_001,reheater_desup_flow,CRITICAL
,,27,2026-06-09T11:49:07.42465376Z,2026-06-09T12:49:07.42465376Z,2026-06-09T12:45:10Z,5.409421053,value,boiler_sensors,BOILER_001,reheater_desup_flow,CRITICAL
,,27,2026-06-09T11:49:07.42465376Z,2026-06-09T12:49:07.42465376Z,2026-06-09T12:45:20Z,5.690555556,value,boiler_sensors,BOILER_001,reheater_desup_flow,CRITICAL
,,27,2026-06-09T11:49:07.42465376Z,2026-06-09T12:49:07.42465376Z,2026-06-09T12:45:30Z,5.390722222,value,boiler_sensors,BOILER_001,reheater_desup_flow,CRITICAL
,,27,2026-06-09T11:49:07.42465376Z,2026-06-09T12:49:07.42465376Z,2026-06-09T12:45:40Z,4.65675,value,boiler_sensors,BOILER_001,reheater_desup_flow,CRITICAL
,,27,2026-06-09T11:49:07.42465376Z,2026-06-09T12:49:07.42465376Z,2026-06-09T12:45:50Z,4.3221,value,boiler_sensors,BOILER_001,reheater_desup_flow,CRITICAL
,,27,2026-06-09T11:49:07.42465376Z,2026-06-09T12:49:07.42465376Z,2026-06-09T12:46:00Z,4.5246,value,boiler_sensors,BOILER_001,reheater_desup_flow,CRITICAL
,,27,2026-06-09T11:49:07.42465376Z,2026-06-09T12:49:07.42465376Z,2026-06-09T12:46:10Z,5.097466667,value,boiler_sensors,BOILER_001,reheater_desup_flow,CRITICAL
,,27,2026-06-09T11:49:07.42465376Z,2026-06-09T12:49:07.42465376Z,2026-06-09T12:46:20Z,5.556875,value,boiler_sensors,BOILER_001,reheater_desup_flow,CRITICAL
,,27,2026-06-09T11:49:07.42465376Z,2026-06-09T12:49:07.42465376Z,2026-06-09T12:46:40Z,5.032533333,value,boiler_sensors,BOILER_001,reheater_desup_flow,CRITICAL
,,27,2026-06-09T11:49:07.42465376Z,2026-06-09T12:49:07.42465376Z,2026-06-09T12:46:50Z,4.692333333,value,boiler_sensors,BOILER_001,reheater_desup_flow,CRITICAL
,,28,2026-06-09T11:49:07.42465376Z,2026-06-09T12:49:07.42465376Z,2026-06-09T12:40:40Z,4.6735,value,boiler_sensors,BOILER_001,reheater_desup_flow,NORMAL
,,28,2026-06-09T11:49:07.42465376Z,2026-06-09T12:49:07.42465376Z,2026-06-09T12:40:50Z,4.375157895,value,boiler_sensors,BOILER_001,reheater_desup_flow,NORMAL
,,28,2026-06-09T11:49:07.42465376Z,2026-06-09T12:49:07.42465376Z,2026-06-09T12:41:00Z,4.255333333,value,boiler_sensors,BOILER_001,reheater_desup_flow,NORMAL
,,28,2026-06-09T11:49:07.42465376Z,2026-06-09T12:49:07.42465376Z,2026-06-09T12:41:10Z,5.041583333,value,boiler_sensors,BOILER_001,reheater_desup_flow,NORMAL
,,28,2026-06-09T11:49:07.42465376Z,2026-06-09T12:49:07.42465376Z,2026-06-09T12:41:20Z,5.501533333,value,boiler_sensors,BOILER_001,reheater_desup_flow,NORMAL
,,28,2026-06-09T11:49:07.42465376Z,2026-06-09T12:49:07.42465376Z,2026-06-09T12:44:00Z,5.54,value,boiler_sensors,BOILER_001,reheater_desup_flow,NORMAL
,,28,2026-06-09T11:49:07.42465376Z,2026-06-09T12:49:07.42465376Z,2026-06-09T12:44:10Z,5.6826,value,boiler_sensors,BOILER_001,reheater_desup_flow,NORMAL
,,28,2026-06-09T11:49:07.42465376Z,2026-06-09T12:49:07.42465376Z,2026-06-09T12:44:20Z,5.631789474,value,boiler_sensors,BOILER_001,reheater_desup_flow,NORMAL
,,28,2026-06-09T11:49:07.42465376Z,2026-06-09T12:49:07.42465376Z,2026-06-09T12:44:30Z,5.1388,value,boiler_sensors,BOILER_001,reheater_desup_flow,NORMAL
,,28,2026-06-09T11:49:07.42465376Z,2026-06-09T12:49:07.42465376Z,2026-06-09T12:44:40Z,4.39125,value,boiler_sensors,BOILER_001,reheater_desup_flow,NORMAL
,,28,2026-06-09T11:49:07.42465376Z,2026-06-09T12:49:07.42465376Z,2026-06-09T12:44:50Z,4.3027,value,boiler_sensors,BOILER_001,reheater_desup_flow,NORMAL
,,28,2026-06-09T11:49:07.42465376Z,2026-06-09T12:49:07.42465376Z,2026-06-09T12:45:00Z,4.951,value,boiler_sensors,BOILER_001,reheater_desup_flow,NORMAL
,,28,2026-06-09T11:49:07.42465376Z,2026-06-09T12:49:07.42465376Z,2026-06-09T12:45:20Z,5.734636364,value,boiler_sensors,BOILER_001,reheater_desup_flow,NORMAL
,,28,2026-06-09T11:49:07.42465376Z,2026-06-09T12:49:07.42465376Z,2026-06-09T12:45:30Z,5.126,value,boiler_sensors,BOILER_001,reheater_desup_flow,NORMAL
,,28,2026-06-09T11:49:07.42465376Z,2026-06-09T12:49:07.42465376Z,2026-06-09T12:45:40Z,5.01925,value,boiler_sensors,BOILER_001,reheater_desup_flow,NORMAL
,,28,2026-06-09T11:49:07.42465376Z,2026-06-09T12:49:07.42465376Z,2026-06-09T12:45:50Z,4.254333333,value,boiler_sensors,BOILER_001,reheater_desup_flow,NORMAL
,,28,2026-06-09T11:49:07.42465376Z,2026-06-09T12:49:07.42465376Z,2026-06-09T12:46:00Z,4.28025,value,boiler_sensors,BOILER_001,reheater_desup_flow,NORMAL
,,28,2026-06-09T11:49:07.42465376Z,2026-06-09T12:49:07.42465376Z,2026-06-09T12:46:10Z,5.0966,value,boiler_sensors,BOILER_001,reheater_desup_flow,NORMAL
,,28,2026-06-09T11:49:07.42465376Z,2026-06-09T12:49:07.42465376Z,2026-06-09T12:46:20Z,5.722272727,value,boiler_sensors,BOILER_001,reheater_desup_flow,NORMAL
,,28,2026-06-09T11:49:07.42465376Z,2026-06-09T12:49:07.42465376Z,2026-06-09T12:46:30Z,5.648631579,value,boiler_sensors,BOILER_001,reheater_desup_flow,NORMAL
,,28,2026-06-09T11:49:07.42465376Z,2026-06-09T12:49:07.42465376Z,2026-06-09T12:46:40Z,5.399666667,value,boiler_sensors,BOILER_001,reheater_desup_flow,NORMAL
,,28,2026-06-09T11:49:07.42465376Z,2026-06-09T12:49:07.42465376Z,2026-06-09T12:46:50Z,4.389214286,value,boiler_sensors,BOILER_001,reheater_desup_flow,NORMAL
,,28,2026-06-09T11:49:07.42465376Z,2026-06-09T12:49:07.42465376Z,2026-06-09T12:47:00Z,4.286076923,value,boiler_sensors,BOILER_001,reheater_desup_flow,NORMAL
,,28,2026-06-09T11:49:07.42465376Z,2026-06-09T12:49:07.42465376Z,2026-06-09T12:47:20Z,5.422375,value,boiler_sensors,BOILER_001,reheater_desup_flow,NORMAL
,,28,2026-06-09T11:49:07.42465376Z,2026-06-09T12:49:07.42465376Z,2026-06-09T12:47:30Z,5.694555556,value,boiler_sensors,BOILER_001,reheater_desup_flow,NORMAL
,,28,2026-06-09T11:49:07.42465376Z,2026-06-09T12:49:07.42465376Z,2026-06-09T12:47:40Z,5.450157895,value,boiler_sensors,BOILER_001,reheater_desup_flow,NORMAL
,,28,2026-06-09T11:49:07.42465376Z,2026-06-09T12:49:07.42465376Z,2026-06-09T12:47:50Z,5.015,value,boiler_sensors,BOILER_001,reheater_desup_flow,NORMAL
,,29,2026-06-09T11:49:07.42465376Z,2026-06-09T12:49:07.42465376Z,2026-06-09T12:41:00Z,4.353375,value,boiler_sensors,BOILER_001,reheater_desup_flow,WARNING
,,29,2026-06-09T11:49:07.42465376Z,2026-06-09T12:49:07.42465376Z,2026-06-09T12:41:10Z,4.67225,value,boiler_sensors,BOILER_001,reheater_desup_flow,WARNING
,,29,2026-06-09T11:49:07.42465376Z,2026-06-09T12:49:07.42465376Z,2026-06-09T12:41:20Z,5.738333333,value,boiler_sensors,BOILER_001,reheater_desup_flow,WARNING
,,29,2026-06-09T11:49:07.42465376Z,2026-06-09T12:49:07.42465376Z,2026-06-09T12:41:30Z,5.7389375,value,boiler_sensors,BOILER_001,reheater_desup_flow,WARNING
,,29,2026-06-09T11:49:07.42465376Z,2026-06-09T12:49:07.42465376Z,2026-06-09T12:44:10Z,5.654285714,value,boiler_sensors,BOILER_001,reheater_desup_flow,WARNING
,,29,2026-06-09T11:49:07.42465376Z,2026-06-09T12:49:07.42465376Z,2026-06-09T12:44:30Z,4.75275,value,boiler_sensors,BOILER_001,reheater_desup_flow,WARNING
,,29,2026-06-09T11:49:07.42465376Z,2026-06-09T12:49:07.42465376Z,2026-06-09T12:44:40Z,4.474375,value,boiler_sensors,BOILER_001,reheater_desup_flow,WARNING
,,29,2026-06-09T11:49:07.42465376Z,2026-06-09T12:49:07.42465376Z,2026-06-09T12:44:50Z,4.227,value,boiler_sensors,BOILER_001,reheater_desup_flow,WARNING
,,29,2026-06-09T11:49:07.42465376Z,2026-06-09T12:49:07.42465376Z,2026-06-09T12:47:00Z,4.3785,value,boiler_sensors,BOILER_001,reheater_desup_flow,WARNING
,,29,2026-06-09T11:49:07.42465376Z,2026-06-09T12:49:07.42465376Z,2026-06-09T12:47:10Z,4.728894737,value,boiler_sensors,BOILER_001,reheater_desup_flow,WARNING
,,29,2026-06-09T11:49:07.42465376Z,2026-06-09T12:49:07.42465376Z,2026-06-09T12:47:20Z,5.077,value,boiler_sensors,BOILER_001,reheater_desup_flow,WARNING
,,29,2026-06-09T11:49:07.42465376Z,2026-06-09T12:49:07.42465376Z,2026-06-09T12:47:30Z,5.7426,value,boiler_sensors,BOILER_001,reheater_desup_flow,WARNING
,,29,2026-06-09T11:49:07.42465376Z,2026-06-09T12:49:07.42465376Z,2026-06-09T12:47:50Z,4.697583333,value,boiler_sensors,BOILER_001,reheater_desup_flow,WARNING
,,29,2026-06-09T11:49:07.42465376Z,2026-06-09T12:49:07.42465376Z,2026-06-09T12:48:00Z,4.455,value,boiler_sensors,BOILER_001,reheater_desup_flow,WARNING
,,30,2026-06-09T11:49:07.42465376Z,2026-06-09T12:49:07.42465376Z,2026-06-09T12:40:30Z,26.01216667,value,boiler_sensors,BOILER_001,superheater_desup_flow,CRITICAL
,,30,2026-06-09T11:49:07.42465376Z,2026-06-09T12:49:07.42465376Z,2026-06-09T12:40:40Z,25.19607692,value,boiler_sensors,BOILER_001,superheater_desup_flow,CRITICAL
,,30,2026-06-09T11:49:07.42465376Z,2026-06-09T12:49:07.42465376Z,2026-06-09T12:44:50Z,23.8945,value,boiler_sensors,BOILER_001,superheater_desup_flow,CRITICAL
,,30,2026-06-09T11:49:07.42465376Z,2026-06-09T12:49:07.42465376Z,2026-06-09T12:45:00Z,24.45911765,value,boiler_sensors,BOILER_001,superheater_desup_flow,CRITICAL
,,30,2026-06-09T11:49:07.42465376Z,2026-06-09T12:49:07.42465376Z,2026-06-09T12:45:10Z,25.83963158,value,boiler_sensors,BOILER_001,superheater_desup_flow,CRITICAL
,,30,2026-06-09T11:49:07.42465376Z,2026-06-09T12:49:07.42465376Z,2026-06-09T12:45:20Z,26.41811111,value,boiler_sensors,BOILER_001,superheater_desup_flow,CRITICAL
,,30,2026-06-09T11:49:07.42465376Z,2026-06-09T12:49:07.42465376Z,2026-06-09T12:45:30Z,25.8615,value,boiler_sensors,BOILER_001,superheater_desup_flow,CRITICAL
,,30,2026-06-09T11:49:07.42465376Z,2026-06-09T12:49:07.42465376Z,2026-06-09T12:45:40Z,24.3448125,value,boiler_sensors,BOILER_001,superheater_desup_flow,CRITICAL
,,30,2026-06-09T11:49:07.42465376Z,2026-06-09T12:49:07.42465376Z,2026-06-09T12:45:50Z,23.5693,value,boiler_sensors,BOILER_001,superheater_desup_flow,CRITICAL
,,30,2026-06-09T11:49:07.42465376Z,2026-06-09T12:49:07.42465376Z,2026-06-09T12:46:00Z,24.12066667,value,boiler_sensors,BOILER_001,superheater_desup_flow,CRITICAL
,,30,2026-06-09T11:49:07.42465376Z,2026-06-09T12:49:07.42465376Z,2026-06-09T12:46:10Z,25.22066667,value,boiler_sensors,BOILER_001,superheater_desup_flow,CRITICAL
,,30,2026-06-09T11:49:07.42465376Z,2026-06-09T12:49:07.42465376Z,2026-06-09T12:46:20Z,26.135375,value,boiler_sensors,BOILER_001,superheater_desup_flow,CRITICAL
,,30,2026-06-09T11:49:07.42465376Z,2026-06-09T12:49:07.42465376Z,2026-06-09T12:46:40Z,25.129,value,boiler_sensors,BOILER_001,superheater_desup_flow,CRITICAL
,,30,2026-06-09T11:49:07.42465376Z,2026-06-09T12:49:07.42465376Z,2026-06-09T12:46:50Z,24.39166667,value,boiler_sensors,BOILER_001,superheater_desup_flow,CRITICAL
,,31,2026-06-09T11:49:07.42465376Z,2026-06-09T12:49:07.42465376Z,2026-06-09T12:40:40Z,24.38716667,value,boiler_sensors,BOILER_001,superheater_desup_flow,NORMAL
,,31,2026-06-09T11:49:07.42465376Z,2026-06-09T12:49:07.42465376Z,2026-06-09T12:40:50Z,23.74784211,value,boiler_sensors,BOILER_001,superheater_desup_flow,NORMAL
,,31,2026-06-09T11:49:07.42465376Z,2026-06-09T12:49:07.42465376Z,2026-06-09T12:41:00Z,23.171,value,boiler_sensors,BOILER_001,superheater_desup_flow,NORMAL
,,31,2026-06-09T11:49:07.42465376Z,2026-06-09T12:49:07.42465376Z,2026-06-09T12:41:10Z,24.97408333,value,boiler_sensors,BOILER_001,superheater_desup_flow,NORMAL
,,31,2026-06-09T11:49:07.42465376Z,2026-06-09T12:49:07.42465376Z,2026-06-09T12:41:20Z,25.94493333,value,boiler_sensors,BOILER_001,superheater_desup_flow,NORMAL
,,31,2026-06-09T11:49:07.42465376Z,2026-06-09T12:49:07.42465376Z,2026-06-09T12:44:00Z,25.923,value,boiler_sensors,BOILER_001,superheater_desup_flow,NORMAL
,,31,2026-06-09T11:49:07.42465376Z,2026-06-09T12:49:07.42465376Z,2026-06-09T12:44:10Z,26.1978,value,boiler_sensors,BOILER_001,superheater_desup_flow,NORMAL
,,31,2026-06-09T11:49:07.42465376Z,2026-06-09T12:49:07.42465376Z,2026-06-09T12:44:20Z,26.16384211,value,boiler_sensors,BOILER_001,superheater_desup_flow,NORMAL
,,31,2026-06-09T11:49:07.42465376Z,2026-06-09T12:49:07.42465376Z,2026-06-09T12:44:30Z,25.2924,value,boiler_sensors,BOILER_001,superheater_desup_flow,NORMAL
,,31,2026-06-09T11:49:07.42465376Z,2026-06-09T12:49:07.42465376Z,2026-06-09T12:44:40Z,23.85525,value,boiler_sensors,BOILER_001,superheater_desup_flow,NORMAL
,,31,2026-06-09T11:49:07.42465376Z,2026-06-09T12:49:07.42465376Z,2026-06-09T12:44:50Z,23.7966,value,boiler_sensors,BOILER_001,superheater_desup_flow,NORMAL
,,31,2026-06-09T11:49:07.42465376Z,2026-06-09T12:49:07.42465376Z,2026-06-09T12:45:00Z,24.963,value,boiler_sensors,BOILER_001,superheater_desup_flow,NORMAL
,,31,2026-06-09T11:49:07.42465376Z,2026-06-09T12:49:07.42465376Z,2026-06-09T12:45:20Z,26.26690909,value,boiler_sensors,BOILER_001,superheater_desup_flow,NORMAL
,,31,2026-06-09T11:49:07.42465376Z,2026-06-09T12:49:07.42465376Z,2026-06-09T12:45:30Z,25.448,value,boiler_sensors,BOILER_001,superheater_desup_flow,NORMAL
,,31,2026-06-09T11:49:07.42465376Z,2026-06-09T12:49:07.42465376Z,2026-06-09T12:45:40Z,25.39125,value,boiler_sensors,BOILER_001,superheater_desup_flow,NORMAL
,,31,2026-06-09T11:49:07.42465376Z,2026-06-09T12:49:07.42465376Z,2026-06-09T12:45:50Z,23.53144444,value,boiler_sensors,BOILER_001,superheater_desup_flow,NORMAL
,,31,2026-06-09T11:49:07.42465376Z,2026-06-09T12:49:07.42465376Z,2026-06-09T12:46:00Z,23.671,value,boiler_sensors,BOILER_001,superheater_desup_flow,NORMAL
,,31,2026-06-09T11:49:07.42465376Z,2026-06-09T12:49:07.42465376Z,2026-06-09T12:46:10Z,24.9362,value,boiler_sensors,BOILER_001,superheater_desup_flow,NORMAL
,,31,2026-06-09T11:49:07.42465376Z,2026-06-09T12:49:07.42465376Z,2026-06-09T12:46:20Z,26.35936364,value,boiler_sensors,BOILER_001,superheater_desup_flow,NORMAL
,,31,2026-06-09T11:49:07.42465376Z,2026-06-09T12:49:07.42465376Z,2026-06-09T12:46:30Z,26.30773684,value,boiler_sensors,BOILER_001,superheater_desup_flow,NORMAL
,,31,2026-06-09T11:49:07.42465376Z,2026-06-09T12:49:07.42465376Z,2026-06-09T12:46:40Z,25.857,value,boiler_sensors,BOILER_001,superheater_desup_flow,NORMAL
,,31,2026-06-09T11:49:07.42465376Z,2026-06-09T12:49:07.42465376Z,2026-06-09T12:46:50Z,23.82342857,value,boiler_sensors,BOILER_001,superheater_desup_flow,NORMAL
,,31,2026-06-09T11:49:07.42465376Z,2026-06-09T12:49:07.42465376Z,2026-06-09T12:47:00Z,23.55415385,value,boiler_sensors,BOILER_001,superheater_desup_flow,NORMAL
,,31,2026-06-09T11:49:07.42465376Z,2026-06-09T12:49:07.42465376Z,2026-06-09T12:47:20Z,25.92375,value,boiler_sensors,BOILER_001,superheater_desup_flow,NORMAL
,,31,2026-06-09T11:49:07.42465376Z,2026-06-09T12:49:07.42465376Z,2026-06-09T12:47:30Z,26.45788889,value,boiler_sensors,BOILER_001,superheater_desup_flow,NORMAL
,,31,2026-06-09T11:49:07.42465376Z,2026-06-09T12:49:07.42465376Z,2026-06-09T12:47:40Z,25.98294737,value,boiler_sensors,BOILER_001,superheater_desup_flow,NORMAL
,,31,2026-06-09T11:49:07.42465376Z,2026-06-09T12:49:07.42465376Z,2026-06-09T12:47:50Z,25.10328571,value,boiler_sensors,BOILER_001,superheater_desup_flow,NORMAL
,,32,2026-06-09T11:49:07.42465376Z,2026-06-09T12:49:07.42465376Z,2026-06-09T12:41:00Z,23.711375,value,boiler_sensors,BOILER_001,superheater_desup_flow,WARNING
,,32,2026-06-09T11:49:07.42465376Z,2026-06-09T12:49:07.42465376Z,2026-06-09T12:41:10Z,24.301,value,boiler_sensors,BOILER_001,superheater_desup_flow,WARNING
,,32,2026-06-09T11:49:07.42465376Z,2026-06-09T12:49:07.42465376Z,2026-06-09T12:41:20Z,26.431,value,boiler_sensors,BOILER_001,superheater_desup_flow,WARNING
,,32,2026-06-09T11:49:07.42465376Z,2026-06-09T12:49:07.42465376Z,2026-06-09T12:41:30Z,26.467875,value,boiler_sensors,BOILER_001,superheater_desup_flow,WARNING
,,32,2026-06-09T11:49:07.42465376Z,2026-06-09T12:49:07.42465376Z,2026-06-09T12:44:10Z,26.33392857,value,boiler_sensors,BOILER_001,superheater_desup_flow,WARNING
,,32,2026-06-09T11:49:07.42465376Z,2026-06-09T12:49:07.42465376Z,2026-06-09T12:44:30Z,24.63375,value,boiler_sensors,BOILER_001,superheater_desup_flow,WARNING
,,32,2026-06-09T11:49:07.42465376Z,2026-06-09T12:49:07.42465376Z,2026-06-09T12:44:40Z,23.8291875,value,boiler_sensors,BOILER_001,superheater_desup_flow,WARNING
,,32,2026-06-09T11:49:07.42465376Z,2026-06-09T12:49:07.42465376Z,2026-06-09T12:44:50Z,23.38328571,value,boiler_sensors,BOILER_001,superheater_desup_flow,WARNING
,,32,2026-06-09T11:49:07.42465376Z,2026-06-09T12:49:07.42465376Z,2026-06-09T12:47:00Z,23.5085,value,boiler_sensors,BOILER_001,superheater_desup_flow,WARNING
,,32,2026-06-09T11:49:07.42465376Z,2026-06-09T12:49:07.42465376Z,2026-06-09T12:47:10Z,24.36368421,value,boiler_sensors,BOILER_001,superheater_desup_flow,WARNING
,,32,2026-06-09T11:49:07.42465376Z,2026-06-09T12:49:07.42465376Z,2026-06-09T12:47:20Z,25.35233333,value,boiler_sensors,BOILER_001,superheater_desup_flow,WARNING
,,32,2026-06-09T11:49:07.42465376Z,2026-06-09T12:49:07.42465376Z,2026-06-09T12:47:30Z,26.3661,value,boiler_sensors,BOILER_001,superheater_desup_flow,WARNING
,,32,2026-06-09T11:49:07.42465376Z,2026-06-09T12:49:07.42465376Z,2026-06-09T12:47:50Z,24.3885,value,boiler_sensors,BOILER_001,superheater_desup_flow,WARNING
,,32,2026-06-09T11:49:07.42465376Z,2026-06-09T12:49:07.42465376Z,2026-06-09T12:48:00Z,24.3155,value,boiler_sensors,BOILER_001,superheater_desup_flow,WARNING
